time,Latitude,Longitude,PM2.5
0:0:0:0,35.238765,126.8684,80
0:0:2:40,35.238765,126.8684,87
0:0:4:81,35.238765,126.8684,86
0:0:6:122,35.238765,126.8684,86
0:0:8:163,35.238765,126.8684,83
0:0:10:204,35.238765,126.8684,84
0:0:12:246,35.238765,126.8684,84
0:0:14:286,35.238765,126.8684,85
0:0:16:327,35.238765,126.8684,85
0:0:18:368,35.238765,126.8684,83
0:0:20:410,35.238765,126.8684,83
0:0:22:451,35.238765,126.8684,82
0:0:24:492,35.238765,126.8684,83
0:0:26:532,35.238765,126.8684,82
0:0:28:574,35.238765,126.8684,82
0:0:30:615,35.238765,126.8684,84
0:0:32:656,35.238765,126.8684,83
0:0:34:697,35.238765,126.8684,82
0:0:36:738,35.238765,126.8684,77
0:0:38:778,35.238765,126.8684,82
0:0:40:820,35.238765,126.8684,82
0:0:42:861,35.238765,126.8684,82
0:0:44:902,35.238765,126.8684,81
0:0:46:944,35.238765,126.8684,79
0:0:48:985,35.238765,126.8684,78
0:0:51:25,35.238765,126.8684,77
0:0:53:66,35.238765,126.8684,76
0:0:55:107,35.238765,126.8684,75
0:0:57:148,35.238765,126.8684,77
0:0:59:189,35.238765,126.8684,76
0:1:1:231,35.238765,126.8684,76
0:1:3:271,35.238765,126.8684,73
0:1:5:312,35.238765,126.8684,75
0:1:7:356,35.238765,126.8684,72
0:1:9:399,35.238765,126.8684,72
0:1:11:440,35.238765,126.8684,74
0:1:13:481,35.238765,126.8684,75
0:1:15:522,35.238765,126.8684,72
0:1:17:562,35.238765,126.8684,74
0:1:19:603,35.238765,126.8684,73
0:1:21:643,35.238765,126.8684,73
0:1:23:684,35.238765,126.8684,72
0:1:25:725,35.238765,126.8684,75
0:1:27:766,35.238765,126.8684,74
0:1:29:806,35.238765,126.8684,73
0:1:31:847,35.238765,126.8684,74
0:1:33:888,35.238765,126.8684,73
0:1:35:930,35.238765,126.8684,74
0:1:37:971,35.238765,126.8684,73
0:1:40:12,35.238765,126.8684,74
0:1:42:52,35.238765,126.8684,73
0:1:44:93,35.238765,126.8684,74
0:1:46:134,35.238765,126.8684,74
0:1:48:176,35.238765,126.8684,74
0:1:50:219,35.238765,126.8684,73
0:1:52:263,35.238765,126.8684,76
0:1:54:306,35.238765,126.8684,77
0:1:56:348,35.238765,126.8684,79
0:1:58:392,35.238765,126.8684,79
0:2:0:435,35.238765,126.8684,79
0:2:2:479,35.238765,126.8684,78
0:2:4:522,35.238765,126.8684,78
0:2:6:566,35.238765,126.8684,77
0:2:8:609,35.238765,126.8684,76
0:2:10:653,35.238765,126.8684,75
0:2:12:696,35.238765,126.8684,73
0:2:14:738,35.238765,126.8684,74
0:2:16:781,35.238765,126.8684,75
0:2:18:825,35.238765,126.8684,75
0:2:20:869,35.238765,126.8684,75
0:2:22:913,35.238765,126.8684,75
0:2:24:956,35.238765,126.8684,75
0:2:27:0,35.238765,126.8684,76
0:2:29:43,35.238765,126.8684,76
0:2:31:87,35.238765,126.8684,74
0:2:33:129,35.238765,126.8684,73
0:2:35:173,35.238765,126.8684,73
0:2:37:216,35.238765,126.8684,72
0:2:39:260,35.238765,126.8684,72
0:2:41:303,35.238765,126.8684,73
0:2:43:350,35.238765,126.8684,71
0:2:45:394,35.238765,126.8684,69
0:2:47:437,35.238765,126.8684,28
0:2:49:484,35.238765,126.8684,30
0:2:51:528,35.238765,126.8684,32
0:2:53:572,35.238765,126.8684,73
0:2:55:617,35.238765,126.8684,73
0:2:57:660,35.238765,126.8684,73
0:2:59:704,35.238765,126.8684,73
0:3:1:747,35.238765,126.8684,73
0:3:3:790,35.238765,126.8684,70
0:3:5:834,35.238765,126.8684,69
0:3:7:882,35.238761,126.868408,69
0:3:9:928,35.238765,126.868408,69
0:3:11:976,35.238765,126.868408,70
0:3:14:23,35.238758,126.868408,69
0:3:16:71,35.238746,126.868408,71
0:3:18:118,35.238742,126.868408,70
0:3:20:166,35.238735,126.868408,70
0:3:22:213,35.238731,126.868408,69
0:3:24:261,35.238723,126.868415,67
0:3:26:308,35.238719,126.868415,66
0:3:28:356,35.238719,126.868423,31
0:3:30:404,35.238708,126.868431,31
0:3:32:451,35.2387,126.868431,31
0:3:34:498,35.238693,126.868438,31
0:3:36:545,35.238689,126.868438,31
0:3:38:592,35.238685,126.868438,29
0:3:40:638,35.238685,126.868438,29
0:3:42:685,35.238685,126.868438,29
0:3:44:732,35.238685,126.868438,29
0:3:46:780,35.238685,126.868438,29
0:3:48:827,35.238685,126.868438,29
0:3:50:875,35.238685,126.868438,29
0:3:52:922,35.238685,126.868438,28
0:3:54:970,35.238685,126.868438,28
0:3:57:17,35.238685,126.868438,28
0:3:59:65,35.238685,126.868438,28
0:4:1:112,35.238685,126.868438,28
0:4:3:159,35.238685,126.868438,28
0:4:5:207,35.238685,126.868438,28
0:4:7:254,35.238685,126.868438,30
0:4:9:302,35.238685,126.868438,32
0:4:11:350,35.238685,126.868438,35
0:4:13:391,35.238708,126.86837,35
0:4:15:441,35.238708,126.868377,36
0:4:17:488,35.238708,126.868377,38
0:4:19:534,35.238697,126.86837,63
0:4:21:582,35.238681,126.868362,63
0:4:23:629,35.238677,126.868354,64
0:4:25:676,35.238674,126.868354,63
0:4:27:723,35.238666,126.868362,64
0:4:29:770,35.238655,126.86837,64
0:4:31:818,35.238643,126.86837,64
0:4:33:865,35.238639,126.86837,64
0:4:35:913,35.238632,126.86837,64
0:4:37:960,35.238632,126.868377,65
0:4:40:8,35.238632,126.868385,65
0:4:42:55,35.238628,126.868385,65
0:4:44:103,35.238624,126.868385,65
0:4:46:150,35.238624,126.868385,65
0:4:48:197,35.238624,126.868385,66
0:4:50:245,35.238624,126.868385,67
0:4:52:293,35.238624,126.868385,67
0:4:54:335,35.238643,126.868377,65
0:4:56:386,35.238609,126.868408,66
0:4:58:433,35.238594,126.868423,67
0:5:0:482,35.238597,126.868431,67
0:5:2:530,35.238597,126.868431,67
0:5:4:575,35.238597,126.868431,66
0:5:6:621,35.238597,126.868431,68
0:5:8:663,35.238597,126.868431,67
0:5:10:709,35.238536,126.868431,65
0:5:12:756,35.238529,126.868408,30
0:5:14:804,35.238552,126.868392,30
0:5:16:853,35.238571,126.868392,30
0:5:18:901,35.238613,126.868423,30
0:5:20:949,35.238616,126.868408,30
0:5:22:998,35.238628,126.8684,30
0:5:25:46,35.238639,126.868392,30
0:5:27:95,35.238643,126.868385,30
0:5:29:143,35.238655,126.868385,30
0:5:31:192,35.238658,126.868385,30
0:5:33:240,35.238662,126.868385,30
0:5:35:288,35.238666,126.868385,30
0:5:37:336,35.238662,126.868385,30
0:5:39:384,35.238662,126.868377,30
0:5:41:432,35.238655,126.86837,30
0:5:43:480,35.238651,126.86837,30
0:5:45:527,35.238651,126.86837,29
0:5:47:575,35.238651,126.86837,29
0:5:49:623,35.238651,126.86837,30
0:5:51:672,35.238651,126.86837,29
0:5:53:719,35.238651,126.86837,29
0:5:55:768,35.238651,126.86837,29
0:5:57:816,35.238651,126.86837,29
0:5:59:865,35.238651,126.86837,29
0:6:1:912,35.238651,126.86837,29
0:6:3:961,35.238651,126.86837,29
0:6:6:9,35.238651,126.86837,29
0:6:8:58,35.238651,126.86837,30
0:6:10:106,35.238651,126.86837,31
0:6:12:153,35.238651,126.86837,74
0:6:14:201,35.238651,126.86837,74
0:6:16:250,35.238651,126.86837,73
0:6:18:297,35.238651,126.86837,71
0:6:20:344,35.238651,126.86837,70
0:6:22:392,35.238651,126.86837,68
0:6:24:440,35.238651,126.86837,25
0:6:26:488,35.238651,126.86837,25
0:6:28:536,35.238651,126.86837,25
0:6:30:584,35.238651,126.86837,25
0:6:32:632,35.238651,126.86837,25
0:6:34:681,35.238651,126.86837,25
0:6:36:729,35.238651,126.86837,26
0:6:38:776,35.238651,126.86837,26
0:6:40:825,35.238651,126.86837,26
0:6:42:873,35.238651,126.86837,26
0:6:44:922,35.238651,126.86837,26
0:6:46:970,35.238651,126.86837,26
0:6:49:18,35.238651,126.86837,26
0:6:51:67,35.238651,126.86837,27
0:6:53:115,35.238651,126.86837,27
0:6:55:164,35.238651,126.86837,27
0:6:57:211,35.238651,126.86837,27
0:6:59:260,35.238651,126.86837,27
0:7:1:307,35.238555,126.868331,28
0:7:3:356,35.238559,126.868293,28
0:7:5:404,35.238574,126.868232,27
0:7:7:452,35.238601,126.868148,27
0:7:9:500,35.238647,126.868057,27
0:7:11:548,35.23867,126.86795,28
0:7:13:596,35.238697,126.867835,28
0:7:15:645,35.238712,126.867713,30
0:7:17:693,35.238693,126.867607,30
0:7:19:742,35.238643,126.867553,29
0:7:21:790,35.238559,126.867515,29
0:7:23:838,35.238468,126.867462,29
0:7:25:887,35.238376,126.867401,29
0:7:27:935,35.238281,126.867355,29
0:7:29:984,35.238174,126.86734,29
0:7:32:32,35.238082,126.867408,28
0:7:34:81,35.238014,126.867523,28
0:7:36:130,35.237968,126.867652,28
0:7:38:179,35.237888,126.867889,29
0:7:40:228,35.237838,126.868057,29
0:7:42:276,35.237792,126.868202,29
0:7:44:324,35.237754,126.868324,29
0:7:46:372,35.237739,126.86837,29
0:7:48:420,35.237747,126.868377,30
0:7:50:469,35.237739,126.868408,31
0:7:52:517,35.237731,126.868415,31
0:7:54:566,35.237731,126.868415,47
0:7:56:615,35.237731,126.868415,47
0:7:58:664,35.237743,126.868469,48
0:8:0:713,35.237796,126.86853,46
0:8:2:762,35.237903,126.868591,46
0:8:4:811,35.238048,126.868659,46
0:8:6:860,35.238208,126.868751,46
0:8:8:908,35.238368,126.86882,47
0:8:10:957,35.23851,126.868896,46
0:8:13:6,35.238636,126.868965,46
0:8:15:56,35.238735,126.869033,46
0:8:17:105,35.238811,126.869094,46
0:8:19:154,35.238941,126.869148,46
0:8:21:203,35.23904,126.869125,46
0:8:23:251,35.239147,126.869049,46
0:8:25:300,35.239276,126.868934,46
0:8:27:350,35.239429,126.868827,46
0:8:29:398,35.239612,126.868736,46
0:8:31:446,35.239795,126.868659,47
0:8:33:494,35.239967,126.868583,47
0:8:35:543,35.240127,126.868522,47
0:8:37:592,35.240264,126.868461,46
0:8:39:641,35.240383,126.868431,46
0:8:41:689,35.240459,126.868431,45
0:8:43:739,35.24052,126.868453,45
0:8:45:787,35.240573,126.868522,44
0:8:47:837,35.24065,126.868667,44
0:8:49:885,35.240741,126.868858,44
0:8:51:935,35.240844,126.86911,44
0:8:53:984,35.240955,126.869384,44
0:8:56:33,35.241073,126.869689,45
0:8:58:82,35.241249,126.870178,46
0:9:0:132,35.241371,126.870521,61
0:9:2:180,35.241489,126.870857,61
0:9:4:228,35.2416,126.871192,61
0:9:6:276,35.241703,126.871543,61
0:9:8:324,35.241783,126.871864,61
0:9:10:372,35.241855,126.872123,61
0:9:12:420,35.241954,126.872344,61
0:9:14:469,35.242031,126.872535,63
0:9:16:518,35.242088,126.872695,63
0:9:18:567,35.242126,126.87281,63
0:9:20:616,35.242141,126.872871,62
0:9:24:714,35.242206,126.87294,63
0:9:26:763,35.242286,126.872924,62
0:9:28:813,35.242393,126.872856,62
0:9:30:862,35.242527,126.872802,62
0:9:32:912,35.242679,126.872772,61
0:9:34:961,35.242835,126.872764,60
0:9:37:10,35.242992,126.872756,59
0:9:39:60,35.243221,126.872749,59
0:9:41:109,35.243381,126.872756,59
0:9:43:157,35.243549,126.872756,58
0:9:45:206,35.243717,126.872764,58
0:9:47:255,35.243892,126.872779,58
0:9:49:304,35.24406,126.87284,56
0:9:51:353,35.24422,126.872917,55
0:9:53:402,35.244373,126.872993,55
0:9:55:451,35.244533,126.873046,55
0:9:57:500,35.244697,126.873069,55
0:9:59:549,35.244873,126.8731,54
0:10:1:598,35.245044,126.873123,54
0:10:3:648,35.245212,126.873161,54
0:10:5:698,35.245368,126.873229,54
0:10:7:747,35.245525,126.873298,53
0:10:9:796,35.245681,126.873344,53
0:10:11:846,35.24583,126.873352,53
0:10:13:895,35.245975,126.873336,53
0:10:15:945,35.246112,126.873321,52
0:10:17:994,35.246299,126.873298,52
0:10:20:44,35.246391,126.873291,52
0:10:22:93,35.246448,126.873275,53
0:10:24:142,35.24649,126.873229,50
0:10:26:191,35.246524,126.873146,48
0:10:28:240,35.246543,126.873046,47
0:10:30:289,35.246566,126.87294,47
0:10:32:338,35.246597,126.872848,45
0:10:34:387,35.246639,126.872772,45
0:10:36:436,35.246715,126.872734,44
0:10:38:485,35.246788,126.872718,44
0:10:40:534,35.246856,126.872703,44
0:10:42:583,35.246932,126.87268,43
0:10:44:633,35.247009,126.872673,42
0:10:46:682,35.247089,126.872688,41
0:10:48:731,35.247165,126.872734,40
0:10:50:780,35.247241,126.872802,39
0:10:52:829,35.247322,126.872879,38
0:10:54:879,35.247394,126.872955,38
0:10:56:927,35.247501,126.873062,37
0:10:58:977,35.247577,126.873138,37
0:11:1:26,35.24765,126.873207,36
0:11:3:75,35.247714,126.873268,35
0:11:5:124,35.247798,126.873321,35
0:11:7:173,35.247905,126.873382,33
0:11:9:222,35.24802,126.873458,32
0:11:11:271,35.248123,126.873512,33
0:11:13:320,35.248207,126.873558,31
0:11:15:369,35.248294,126.873565,30
0:11:17:419,35.248413,126.873558,30
0:11:19:468,35.248542,126.87355,31
0:11:21:517,35.248668,126.873542,29
0:11:23:567,35.248771,126.873535,30
0:11:25:616,35.248867,126.873504,31
0:11:27:665,35.248962,126.873458,31
0:11:29:715,35.249046,126.87342,31
0:11:31:764,35.249114,126.873344,32
0:11:33:813,35.249168,126.873237,33
0:11:35:862,35.249229,126.87313,32
0:11:37:912,35.24934,126.872993,33
0:11:39:961,35.249412,126.872901,34
0:11:42:10,35.249477,126.87281,35
0:11:44:58,35.249549,126.872695,36
0:11:46:107,35.249645,126.872589,36
0:11:48:156,35.24974,126.872505,36
0:11:50:205,35.24982,126.872451,36
0:11:52:254,35.249881,126.872406,37
0:11:54:302,35.249969,126.872337,37
0:11:56:351,35.250064,126.872261,37
0:11:58:400,35.25016,126.872184,37
0:12:0:449,35.250259,126.872108,38
0:12:2:498,35.250358,126.872039,38
0:12:4:548,35.250473,126.871994,40
0:12:6:597,35.250606,126.871978,86
0:12:8:647,35.250751,126.871986,86
0:12:10:696,35.250892,126.872024,85
0:12:12:745,35.251029,126.872062,85
0:12:14:795,35.251174,126.872108,84
0:12:16:843,35.251399,126.872184,83
0:12:18:893,35.251548,126.872245,81
0:12:20:942,35.251689,126.872322,79
0:12:22:991,35.251819,126.87239,79
0:12:25:40,35.251949,126.872451,78
0:12:27:89,35.25209,126.872497,77
0:12:29:138,35.252239,126.87252,76
0:12:31:187,35.252388,126.872543,75
0:12:33:236,35.252532,126.87255,73
0:12:35:286,35.252666,126.872558,72
0:12:37:335,35.252799,126.872566,72
0:12:39:383,35.252922,126.87255,70
0:12:41:433,35.25304,126.872474,69
0:12:43:482,35.253154,126.872352,68
0:12:45:532,35.253261,126.8722,67
0:12:47:581,35.253383,126.872055,66
0:12:49:630,35.25352,126.871948,64
0:12:51:680,35.253673,126.871879,63
0:12:53:729,35.253818,126.871818,62
0:12:55:778,35.253952,126.871734,61
0:12:57:827,35.254108,126.871551,60
0:12:59:877,35.254196,126.871414,58
0:13:1:926,35.254249,126.871276,56
0:13:3:975,35.254283,126.871131,55
0:13:6:24,35.254291,126.871025,53
0:13:8:73,35.254264,126.870918,51
0:13:10:122,35.254219,126.870803,50
0:13:12:171,35.254177,126.870658,49
0:13:14:220,35.254169,126.870506,50
0:13:16:269,35.254203,126.870353,49
0:13:18:318,35.25428,126.870201,49
0:13:20:367,35.254379,126.870048,49
0:13:22:416,35.254478,126.869918,49
0:13:24:465,35.254589,126.869819,48
0:13:26:515,35.254703,126.869728,48
0:13:28:564,35.254833,126.869628,48
0:13:30:614,35.254959,126.869529,48
0:13:32:663,35.255073,126.869422,48
0:13:34:713,35.255161,126.8693,47
0:13:36:761,35.255229,126.869056,48
0:13:38:811,35.255252,126.868881,48
0:13:40:860,35.255287,126.868705,48
0:13:42:909,35.255348,126.868537,49
0:13:44:957,35.255416,126.868377,49
0:13:47:6,35.25547,126.868217,48
0:13:49:56,35.255489,126.868064,48
0:13:51:105,35.255462,126.867919,48
0:13:53:154,35.255405,126.867767,48
0:13:55:203,35.25534,126.867599,50
0:13:57:252,35.255283,126.867454,49
0:13:59:301,35.255256,126.86737,48
0:14:1:349,35.255256,126.867324,48
0:14:3:399,35.255279,126.867279,46
0:14:5:448,35.255336,126.867233,47
0:14:7:498,35.255439,126.86721,48
0:14:9:547,35.255561,126.867179,47
0:14:11:596,35.255691,126.867149,47
0:14:13:646,35.255836,126.867111,48
0:14:15:695,35.256,126.867073,49
0:14:17:745,35.256267,126.867012,48
0:14:19:794,35.256427,126.866973,49
0:14:21:843,35.256553,126.866935,49
0:14:23:892,35.256668,126.866912,50
0:14:25:941,35.25679,126.866897,49
0:14:27:990,35.256904,126.866867,49
0:14:30:39,35.257019,126.866806,49
0:14:32:88,35.257129,126.866722,49
0:14:34:137,35.257232,126.866615,49
0:14:36:187,35.257328,126.8665,49
0:14:38:236,35.257419,126.866386,49
0:14:40:285,35.257511,126.866264,49
0:14:42:334,35.257606,126.866149,49
0:14:44:383,35.257701,126.866035,49
0:14:46:433,35.257797,126.865913,49
0:14:48:482,35.257896,126.865791,49
0:14:50:532,35.257991,126.865669,49
0:14:52:581,35.258075,126.865554,49
0:14:54:630,35.258155,126.86544,49
0:14:56:680,35.258289,126.865242,49
0:14:58:729,35.258377,126.865089,50
0:15:0:779,35.258445,126.864936,52
0:15:2:828,35.258522,126.864776,52
0:15:4:877,35.258602,126.864631,53
0:15:6:925,35.258697,126.864501,53
0:15:8:974,35.258804,126.864387,53
0:15:11:23,35.258907,126.864295,53
0:15:13:72,35.25901,126.864227,52
0:15:15:121,35.259117,126.864166,52
0:15:17:170,35.259208,126.864112,52
0:15:19:219,35.259292,126.864067,51
0:15:21:267,35.259368,126.864021,50
0:15:23:317,35.259433,126.863983,50
0:15:25:366,35.259468,126.86396,49
0:15:27:415,35.259483,126.863929,24
0:15:29:464,35.259468,126.863868,24
0:15:31:514,35.259426,126.863807,25
0:15:33:563,35.259368,126.863731,42
0:15:35:612,35.259273,126.863563,41
0:15:37:662,35.259208,126.863433,42
0:15:39:711,35.259143,126.863288,42
0:15:41:760,35.259086,126.863166,42
0:15:43:809,35.259029,126.863052,42
0:15:45:857,35.258956,126.862945,42
0:15:47:905,35.258876,126.862846,42
0:15:49:954,35.258769,126.862777,42
0:15:52:3,35.258655,126.862747,43
0:15:54:52,35.258533,126.862739,43
0:15:56:101,35.258411,126.862747,43
0:15:58:150,35.258281,126.86277,43
0:16:0:198,35.258136,126.862815,43
0:16:2:248,35.257991,126.862861,43
0:16:4:297,35.257846,126.862907,43
0:16:6:347,35.257686,126.86296,43
0:16:8:396,35.257514,126.862998,43
0:16:10:445,35.25735,126.863021,44
0:16:12:495,35.257164,126.863006,43
0:16:14:545,35.256893,126.862998,44
0:16:16:594,35.25669,126.86296,45
0:16:18:642,35.256462,126.862953,46
0:16:20:691,35.256244,126.862915,46
0:16:22:740,35.256046,126.862915,46
0:16:24:790,35.25584,126.862915,46
0:16:26:839,35.25563,126.862915,46
0:16:28:887,35.25542,126.862945,47
0:16:30:936,35.255229,126.862976,48
0:16:32:985,35.255031,126.862991,47
0:16:35:34,35.254814,126.862991,49
0:16:37:83,35.254585,126.862983,49
0:16:39:132,35.254371,126.862937,49
0:16:41:182,35.25423,126.862884,49
0:16:43:231,35.254093,126.862846,48
0:16:45:281,35.253974,126.862823,48
0:16:47:330,35.253852,126.862808,49
0:16:49:379,35.253707,126.8628,49
0:16:51:429,35.253536,126.862792,48
0:16:53:478,35.253356,126.862785,48
0:16:55:527,35.253101,126.862777,49
0:16:57:577,35.252937,126.862785,50
0:16:59:626,35.252784,126.862792,49
0:17:1:675,35.252658,126.862792,51
0:17:3:724,35.252552,126.862792,50
0:17:5:773,35.252445,126.862785,50
0:17:7:821,35.252323,126.86277,50
0:17:9:870,35.252182,126.862762,49
0:17:11:919,35.252037,126.862792,49
0:17:13:968,35.251888,126.862876,48
0:17:16:17,35.251728,126.862968,48
0:17:18:66,35.251571,126.863059,47
0:17:20:115,35.251422,126.863136,48
0:17:22:165,35.251262,126.863166,47
0:17:24:214,35.25111,126.863159,47
0:17:26:264,35.250949,126.863143,46
0:17:28:313,35.250782,126.863136,46
0:17:30:362,35.250606,126.863128,46
0:17:32:412,35.250419,126.863121,46
0:17:34:462,35.250083,126.863113,46
0:17:36:512,35.249832,126.863098,45
0:17:38:561,35.24961,126.863075,45
0:17:40:610,35.249382,126.863075,45
0:17:42:659,35.249156,126.863067,44
0:17:44:708,35.248943,126.863067,45
0:17:46:757,35.248729,126.863059,45
0:17:48:806,35.248508,126.863029,46
0:17:50:855,35.248275,126.863052,47
0:17:52:904,35.248065,126.863044,47
0:17:54:953,35.247856,126.863029,47
0:17:57:2,35.247673,126.863052,47
0:17:59:51,35.247509,126.863136,48
0:18:1:100,35.247333,126.86325,48
0:18:3:149,35.247173,126.863395,49
0:18:5:199,35.247013,126.863563,49
0:18:7:248,35.246837,126.86367,50
0:18:9:297,35.246658,126.863792,50
0:18:11:347,35.246482,126.863868,51
0:18:13:396,35.24615,126.863883,51
0:18:15:446,35.245891,126.863883,51
0:18:17:495,35.245647,126.863883,51
0:18:19:544,35.245407,126.863868,51
0:18:21:593,35.245166,126.863845,52
0:18:23:642,35.244922,126.863838,52
0:18:25:691,35.244743,126.86383,52
0:18:27:740,35.244598,126.86383,52
0:18:29:789,35.244422,126.863807,51
0:18:31:838,35.244216,126.8638,53
0:18:33:887,35.243976,126.8638,52
0:18:35:936,35.243736,126.863792,52
0:18:37:985,35.243499,126.863777,53
0:18:40:34,35.243263,126.863769,52
0:18:42:83,35.24303,126.863761,52
0:18:44:133,35.242797,126.863746,53
0:18:46:182,35.242584,126.863746,52
0:18:48:231,35.242343,126.863723,52
0:18:50:281,35.242073,126.863716,52
0:18:52:331,35.241817,126.8637,52
0:18:54:381,35.241447,126.863685,52
0:18:56:430,35.241207,126.863677,53
0:18:58:479,35.240997,126.86367,53
0:19:0:528,35.240829,126.863632,53
0:19:2:577,35.240661,126.863578,53
0:19:4:626,35.240493,126.863563,53
0:19:6:675,35.240287,126.863555,53
0:19:8:724,35.240108,126.863548,52
0:19:10:773,35.239963,126.86354,53
0:19:12:823,35.239845,126.863533,52
0:19:14:873,35.239765,126.863533,51
0:19:16:922,35.239677,126.86354,51
0:19:18:971,35.239566,126.863533,50
0:19:21:21,35.239456,126.863525,49
0:19:23:70,35.239337,126.86351,49
0:19:25:119,35.239231,126.863502,49
0:19:27:169,35.239139,126.863502,48
0:19:29:218,35.23907,126.86354,47
0:19:31:268,35.239025,126.863639,47
0:19:33:317,35.239059,126.863899,46
0:19:35:367,35.239124,126.864097,46
0:19:37:416,35.239208,126.864334,46
0:19:39:465,35.239284,126.864578,46
0:19:41:514,35.239398,126.864807,47
0:19:43:563,35.23949,126.865089,47
0:19:45:612,35.23957,126.865386,47
0:19:47:661,35.239669,126.865684,48
0:19:49:710,35.239753,126.865982,49
0:19:51:759,35.239845,126.866256,49
0:19:53:808,35.239925,126.866539,50
0:19:55:857,35.240024,126.866806,51
0:19:57:906,35.240112,126.86708,51
0:19:59:956,35.240173,126.867347,52
0:20:2:6,35.240245,126.86763,52
0:20:4:55,35.240333,126.867881,53
0:20:6:104,35.240417,126.868133,55
0:20:8:154,35.240497,126.868385,55
0:20:10:203,35.2406,126.868629,56
0:20:12:252,35.240741,126.868904,56
0:20:14:302,35.240932,126.869361,58
0:20:16:351,35.241058,126.869689,59
0:20:18:400,35.241176,126.870025,61
0:20:20:449,35.241298,126.870353,62
0:20:22:498,35.241416,126.870658,63
0:20:24:547,35.241527,126.870948,63
0:20:26:596,35.241622,126.871223,64
0:20:28:645,35.241714,126.871498,66
0:20:30:694,35.241798,126.871749,66
0:20:32:743,35.241878,126.871994,67
0:20:34:793,35.241958,126.872207,67
0:20:36:842,35.242023,126.872436,67
0:20:38:891,35.242069,126.872619,68
0:20:40:940,35.242107,126.872703,65
0:20:42:990,35.242115,126.872734,64
0:20:45:39,35.242137,126.872795,19
0:20:47:89,35.242198,126.872856,19
0:20:49:138,35.242271,126.872863,19
0:20:51:188,35.242336,126.872848,27
0:20:53:238,35.242477,126.872787,28
0:20:55:287,35.242618,126.872741,29
0:20:57:336,35.242778,126.872726,50
0:20:59:385,35.242938,126.872734,51
0:21:1:434,35.243095,126.872734,52
0:21:3:483,35.243263,126.872734,51
0:21:5:532,35.243457,126.872726,52
0:21:7:581,35.243648,126.872734,53
0:21:9:630,35.24385,126.872756,53
0:21:11:680,35.244045,126.872825,53
0:21:13:729,35.244228,126.872924,53
0:21:15:778,35.244407,126.873008,53
0:21:17:827,35.244583,126.873054,53
0:21:19:876,35.24477,126.873085,53
0:21:21:926,35.244964,126.873107,54
0:21:23:975,35.245147,126.873153,54
0:21:26:24,35.245319,126.873222,54
0:21:28:74,35.245483,126.873298,54
0:21:30:123,35.245693,126.873352,55
0:21:32:173,35.245822,126.873352,55
0:21:34:221,35.245925,126.873336,56
0:21:36:271,35.245998,126.873336,55
0:21:38:320,35.246063,126.873336,54
0:21:40:369,35.246097,126.873329,53
0:21:42:418,35.246097,126.873329,52
0:21:44:466,35.246093,126.873329,53
0:21:46:515,35.246078,126.873344,31
0:21:48:564,35.246063,126.873359,31
0:21:50:613,35.246051,126.873367,32
0:21:52:662,35.246051,126.873359,31
0:21:54:711,35.246051,126.873359,31
0:21:56:760,35.246051,126.873359,31
0:21:58:810,35.246047,126.873367,31
0:22:0:859,35.246047,126.873367,31
0:22:2:908,35.246047,126.873374,31
0:22:4:958,35.246047,126.873374,31
0:22:7:7,35.246047,126.873374,31
0:22:9:56,35.246047,126.873374,31
0:22:11:105,35.246047,126.873374,31
0:22:13:155,35.246047,126.873374,30
0:22:15:203,35.246047,126.873374,30
0:22:17:252,35.246047,126.873374,30
0:22:19:301,35.246047,126.873374,30
0:22:21:350,35.246047,126.873374,30
0:22:23:399,35.246047,126.873374,29
0:22:25:448,35.246047,126.873374,29
0:22:27:497,35.246047,126.873374,29
0:22:29:547,35.246047,126.873374,29
0:22:31:597,35.246047,126.873374,29
0:22:33:646,35.246047,126.873374,29
0:22:35:694,35.246047,126.873374,28
0:22:37:744,35.246047,126.873374,28
0:22:39:793,35.246047,126.873374,28
0:22:41:843,35.246047,126.873374,28
0:22:43:892,35.246047,126.873374,28
0:22:45:941,35.246047,126.873374,28
0:22:47:991,35.246047,126.873374,28
0:22:50:40,35.246047,126.873374,27
0:22:52:90,35.246047,126.873374,27
0:22:54:138,35.246047,126.873374,27
0:22:56:187,35.246047,126.873374,27
0:22:58:236,35.246047,126.873374,27
0:23:0:284,35.246047,126.873374,26
0:23:2:333,35.246047,126.873374,26
0:23:4:382,35.246047,126.873374,26
0:23:6:431,35.246047,126.873374,26
0:23:8:480,35.246047,126.873374,26
0:23:10:529,35.246047,126.873374,26
0:23:12:579,35.246047,126.873374,26
0:23:14:628,35.246047,126.873374,26
0:23:16:677,35.246047,126.873374,26
0:23:18:726,35.246047,126.873374,26
0:23:20:776,35.246047,126.873374,26
0:23:22:824,35.246047,126.873374,26
0:23:24:874,35.246047,126.873374,26
0:23:26:923,35.246047,126.873374,26
0:23:28:972,35.246047,126.873374,25
0:23:31:21,35.246047,126.873374,25
0:23:33:71,35.246047,126.873374,25
0:23:35:119,35.246047,126.873374,26
0:23:37:168,35.246047,126.873374,26
0:23:39:217,35.246047,126.873374,26
0:23:41:266,35.246047,126.873374,26
0:23:43:315,35.246047,126.873374,26
0:23:45:364,35.246047,126.873374,25
0:23:47:414,35.246047,126.873374,26
0:23:49:463,35.246047,126.873374,26
0:23:51:513,35.246047,126.873374,26
0:23:53:562,35.246047,126.873374,26
0:23:55:610,35.246047,126.873374,26
0:23:57:660,35.246047,126.873374,24
0:23:59:709,35.246047,126.873374,24
0:24:1:758,35.246047,126.873374,25
0:24:3:808,35.246047,126.873374,25
0:24:5:857,35.246047,126.873374,26
0:24:7:907,35.246047,126.873374,26
0:24:9:956,35.246047,126.873374,26
0:24:12:6,35.246047,126.873374,26
0:24:14:54,35.246047,126.873374,27
0:24:16:103,35.246047,126.873374,27
0:24:18:152,35.246047,126.873374,26
0:24:20:201,35.246047,126.873374,27
0:24:22:250,35.246047,126.873374,27
0:24:24:299,35.246047,126.873374,27
0:24:28:396,35.246047,126.873374,26
0:24:30:445,35.246047,126.873374,27
0:24:32:495,35.246047,126.873374,26
0:24:34:545,35.246047,126.873374,27
0:24:36:594,35.246047,126.873374,27
0:24:38:643,35.246047,126.873374,27
0:24:40:693,35.246047,126.873374,27
0:24:42:742,35.246047,126.873374,27
0:24:44:792,35.246047,126.873374,27
0:24:46:841,35.246047,126.873374,27
0:24:48:890,35.246047,126.873374,27
0:24:50:940,35.246047,126.873374,27
0:24:52:988,35.246047,126.873374,27
0:24:55:37,35.246047,126.873374,27
0:24:57:86,35.246047,126.873374,27
0:24:59:136,35.246047,126.873374,27
0:25:1:185,35.246047,126.873374,27
0:25:3:234,35.246047,126.873374,27
0:25:5:283,35.246047,126.873374,27
0:25:7:332,35.246047,126.873374,28
0:25:9:382,35.246047,126.873374,27
0:25:11:432,35.246047,126.873374,27
0:25:13:481,35.246047,126.873374,27
0:25:15:530,35.246047,126.873374,27
0:25:17:580,35.246047,126.873374,27
0:25:19:629,35.246047,126.873374,27
0:25:21:678,35.246047,126.873374,27
0:25:23:728,35.246047,126.873374,27
0:25:25:777,35.246047,126.873374,27
0:25:27:827,35.246047,126.873374,28
0:25:29:876,35.246047,126.873374,28
0:25:31:926,35.246047,126.873374,28
0:25:33:974,35.246047,126.873374,28
0:25:36:23,35.246047,126.873374,28
0:25:38:72,35.246047,126.873374,28
0:25:40:121,35.246047,126.873374,28
0:25:42:170,35.246047,126.873374,28
0:25:44:219,35.246047,126.873374,28
0:25:46:268,35.246047,126.873374,28
0:25:48:317,35.246047,126.873374,29
0:25:50:366,35.246047,126.873374,29
0:25:52:416,35.246047,126.873374,29
0:25:54:464,35.246047,126.873374,29
0:25:56:514,35.246047,126.873374,30
0:25:58:563,35.246047,126.873374,30
0:26:0:613,35.246047,126.873374,31
0:26:2:662,35.246047,126.873374,30
0:26:4:711,35.246047,126.873374,30
0:26:6:761,35.246047,126.873374,30
0:26:8:811,35.246047,126.873374,30
0:26:10:861,35.246047,126.873374,29
0:26:12:910,35.246047,126.873374,29
0:26:14:958,35.246047,126.873374,29
0:26:17:7,35.246047,126.873374,29
0:26:19:56,35.246047,126.873374,29
0:26:21:105,35.246047,126.873374,29
0:26:23:154,35.246047,126.873374,29
0:26:25:203,35.246047,126.873374,30
0:26:27:252,35.246047,126.873374,30
0:26:29:301,35.246047,126.873374,30
0:26:31:351,35.246047,126.873374,30
0:26:33:400,35.246047,126.873374,29
0:26:35:449,35.246047,126.873374,28
0:26:37:498,35.246047,126.873374,28
0:26:39:548,35.246047,126.873374,28
0:26:41:597,35.246047,126.873374,28
0:26:43:647,35.246047,126.873374,29
0:26:45:696,35.246047,126.873374,29
0:26:47:745,35.246047,126.873374,29
0:26:49:795,35.246047,126.873374,29
0:26:51:844,35.246047,126.873374,29
0:26:53:892,35.246047,126.873374,29
0:26:55:941,35.246047,126.873374,29
0:26:57:990,35.246047,126.873374,29
0:27:0:39,35.246047,126.873374,29
0:27:2:88,35.246047,126.873374,29
0:27:4:137,35.246047,126.873374,29
0:27:6:186,35.246047,126.873374,29
0:27:8:235,35.246047,126.873374,29
0:27:10:285,35.246047,126.873374,29
0:27:12:334,35.246047,126.873374,29
0:27:14:383,35.246047,126.873374,29
0:27:16:433,35.246047,126.873374,29
0:27:18:482,35.246047,126.873374,29
0:27:20:531,35.246047,126.873374,29
0:27:22:582,35.246047,126.873374,29
0:27:24:631,35.246047,126.873374,29
0:27:26:681,35.246047,126.873374,29
0:27:28:728,35.246047,126.873374,29
0:27:30:778,35.246047,126.873374,29
0:27:32:827,35.246047,126.873374,29
0:27:34:875,35.246047,126.873374,29
0:27:36:924,35.246047,126.873374,29
0:27:38:973,35.246047,126.873374,29
0:27:41:22,35.246047,126.873374,29
0:27:43:71,35.246047,126.873374,29
0:27:45:120,35.246047,126.873374,29
0:27:49:218,35.246047,126.873374,29
0:27:51:268,35.246047,126.873374,29
0:27:53:316,35.246047,126.873374,29
0:27:55:366,35.246047,126.873374,28
0:27:57:415,35.246047,126.873374,28
0:27:59:465,35.246047,126.873374,28
0:28:1:514,35.246047,126.873374,28
0:28:3:563,35.246047,126.873374,28
0:28:5:613,35.246047,126.873374,28
0:28:7:662,35.246047,126.873374,28
0:28:9:712,35.246047,126.873374,28
0:28:11:760,35.246047,126.873374,28
0:28:13:809,35.246047,126.873374,28
0:28:15:858,35.246047,126.873374,28
0:28:17:907,35.246047,126.873374,28
0:28:19:956,35.246047,126.873374,28
0:28:22:5,35.246047,126.873374,27
0:28:24:54,35.246047,126.873374,27
0:28:26:103,35.246047,126.873374,27
0:28:28:152,35.246047,126.873374,27
0:28:30:202,35.246047,126.873374,27
0:28:32:251,35.246047,126.873374,28
0:28:34:300,35.246047,126.873374,27
0:28:36:349,35.246047,126.873374,27
0:28:38:400,35.246047,126.873374,27
0:28:40:449,35.246047,126.873374,27
0:28:42:499,35.246047,126.873374,27
0:28:44:548,35.246047,126.873374,27
0:28:46:598,35.246047,126.873374,27
0:28:48:647,35.246047,126.873374,27
0:28:50:696,35.246047,126.873374,27
0:28:52:744,35.246047,126.873374,26
0:28:54:793,35.246047,126.873374,27
0:28:56:842,35.246047,126.873374,25
0:28:58:891,35.246047,126.873374,25
0:29:0:940,35.246047,126.873374,25
0:29:2:989,35.246047,126.873374,26
0:29:5:38,35.246047,126.873374,25
0:29:7:87,35.246047,126.873374,25
0:29:9:137,35.246047,126.873374,25
0:29:11:186,35.246047,126.873374,25
0:29:13:235,35.246047,126.873374,24
0:29:15:284,35.246047,126.873374,24
0:29:17:334,35.246047,126.873374,24
0:29:19:383,35.246047,126.873374,24
0:29:21:433,35.246047,126.873374,24
0:29:23:482,35.246047,126.873374,24
0:29:25:532,35.246047,126.873374,24
0:29:27:581,35.246047,126.873374,24
0:29:29:629,35.246047,126.873374,24
0:29:31:678,35.246047,126.873374,23
0:29:33:727,35.246047,126.873374,23
0:29:35:776,35.246047,126.873374,25
0:29:37:825,35.246047,126.873374,25
0:29:39:874,35.246047,126.873374,25
0:29:41:923,35.246047,126.873374,25
0:29:43:972,35.246047,126.873374,25
0:29:46:21,35.246047,126.873374,25
0:29:48:70,35.246047,126.873374,24
0:29:50:120,35.246047,126.873374,24
0:29:52:169,35.246047,126.873374,25
0:29:54:220,35.246047,126.873374,25
0:29:56:269,35.246047,126.873374,26
0:29:58:319,35.246047,126.873374,26
0:30:0:368,35.246047,126.873374,26
0:30:2:417,35.246047,126.873374,26
0:30:4:467,35.246047,126.873374,27
0:30:6:516,35.246047,126.873374,27
0:30:8:566,35.246047,126.873374,27
0:30:10:614,35.246047,126.873374,27
0:30:12:663,35.246047,126.873374,27
0:30:14:712,35.246047,126.873374,27
0:30:16:761,35.246047,126.873374,28
0:30:18:810,35.246047,126.873374,28
0:30:20:859,35.246047,126.873374,28
0:30:22:908,35.246047,126.873374,28
0:30:24:957,35.246047,126.873374,28
0:30:27:6,35.246047,126.873374,28
0:30:29:56,35.246047,126.873374,28
0:30:31:105,35.246047,126.873374,28
0:30:33:154,35.246047,126.873374,28
0:30:35:203,35.246047,126.873374,28
0:30:37:253,35.246047,126.873374,28
0:30:39:302,35.246047,126.873374,28
0:30:41:352,35.246047,126.873374,28
0:30:43:401,35.246047,126.873374,28
0:30:45:451,35.246047,126.873374,28
0:30:47:500,35.246047,126.873374,28
0:30:49:549,35.246047,126.873374,28
0:30:51:597,35.246047,126.873374,28
0:30:53:646,35.246047,126.873374,28
0:30:55:695,35.246047,126.873374,28
0:30:57:744,35.246047,126.873374,28
0:30:59:793,35.246047,126.873374,28
0:31:1:842,35.246047,126.873374,28
0:31:3:891,35.246047,126.873374,28
0:31:5:940,35.246047,126.873374,28
0:31:7:991,35.246047,126.873374,28
0:31:10:40,35.246047,126.873374,28
0:31:12:89,35.246047,126.873374,28
0:31:14:138,35.246047,126.873374,28
0:31:16:188,35.246047,126.873374,28
0:31:18:237,35.246047,126.873374,28
0:31:20:287,35.246047,126.873374,28
0:31:22:336,35.246047,126.873374,28
0:31:24:386,35.246047,126.873374,28
0:31:26:435,35.246047,126.873374,28
0:31:28:484,35.246047,126.873374,28
0:31:30:532,35.246047,126.873374,28
0:31:32:581,35.246047,126.873374,28
0:31:34:630,35.246047,126.873374,28
0:31:36:679,35.246047,126.873374,28
0:31:38:728,35.246047,126.873374,28
0:31:40:777,35.246047,126.873374,28
0:31:42:826,35.246047,126.873374,28
0:31:44:875,35.246047,126.873374,28
0:31:46:925,35.246047,126.873374,28
0:31:48:974,35.246047,126.873374,29
0:31:51:22,35.246047,126.873374,28
0:31:53:72,35.246047,126.873374,28
0:31:55:121,35.246047,126.873374,28
0:31:57:171,35.246047,126.873374,28
0:31:59:220,35.246047,126.873374,28
0:32:1:269,35.246047,126.873374,29
0:32:3:319,35.246047,126.873374,29
0:32:5:368,35.246047,126.873374,29
0:32:7:418,35.246047,126.873374,29
0:32:9:466,35.246047,126.873374,29
0:32:11:515,35.246047,126.873374,29
0:32:13:564,35.246047,126.873374,28
0:32:15:613,35.246047,126.873374,28
0:32:17:662,35.246047,126.873374,27
0:32:19:712,35.246047,126.873374,27
0:32:21:761,35.246047,126.873374,28
0:32:23:810,35.246047,126.873374,28
0:32:25:859,35.246047,126.873374,27
0:32:27:909,35.246047,126.873374,28
0:32:29:958,35.246047,126.873374,28
0:32:32:7,35.246047,126.873374,28
0:32:34:56,35.246047,126.873374,28
0:32:36:106,35.246047,126.873374,28
0:32:38:155,35.246047,126.873374,28
0:32:40:205,35.246047,126.873374,27
0:32:42:254,35.246047,126.873374,27
0:32:44:303,35.246047,126.873374,28
0:32:46:353,35.246047,126.873374,28
0:32:48:402,35.246047,126.873374,28
0:32:50:450,35.246047,126.873374,28
0:32:52:499,35.246047,126.873374,27
0:32:54:548,35.246047,126.873374,27
0:32:56:597,35.246047,126.873374,27
0:32:58:646,35.246047,126.873374,27
0:33:0:695,35.246047,126.873374,27
0:33:2:744,35.246047,126.873374,27
0:33:4:793,35.246047,126.873374,26
0:33:6:843,35.246047,126.873374,26
0:33:8:892,35.246047,126.873374,26
0:33:10:941,35.246047,126.873374,26
0:33:12:991,35.246047,126.873374,26
0:33:15:40,35.246047,126.873374,27
0:33:17:89,35.246047,126.873374,27
0:33:19:139,35.246047,126.873374,27
0:33:21:188,35.246047,126.873374,26
0:33:23:238,35.246047,126.873374,26
0:33:25:286,35.246047,126.873374,26
0:33:27:336,35.246047,126.873374,26
0:33:29:384,35.246047,126.873374,25
0:33:31:433,35.246047,126.873374,26
0:33:33:483,35.246047,126.873374,26
0:33:35:532,35.246047,126.873374,26
0:33:37:581,35.246047,126.873374,26
0:33:39:629,35.246047,126.873374,26
0:33:41:678,35.246047,126.873374,26
0:33:43:727,35.246047,126.873374,26
0:33:45:777,35.246047,126.873374,26
0:33:47:826,35.246047,126.873374,27
0:33:49:874,35.246047,126.873374,27
0:33:51:924,35.246047,126.873374,27
0:33:53:973,35.246047,126.873374,27
0:33:56:23,35.246047,126.873374,27
0:33:58:72,35.246047,126.873374,28
0:34:0:121,35.246047,126.873374,27
0:34:2:171,35.246047,126.873374,27
0:34:4:220,35.246047,126.873374,27
0:34:6:270,35.246047,126.873374,28
0:34:8:319,35.246047,126.873374,28
0:34:10:367,35.246047,126.873374,28
0:34:12:416,35.246047,126.873374,28
0:34:14:465,35.246047,126.873374,28
0:34:16:514,35.246047,126.873374,28
0:34:18:562,35.246047,126.873374,29
0:34:20:611,35.246047,126.873374,29
0:34:22:660,35.246047,126.873374,30
0:34:24:709,35.246047,126.873374,30
0:34:26:759,35.246047,126.873374,30
0:34:28:808,35.246047,126.873374,30
0:34:30:857,35.246047,126.873374,30
0:34:32:906,35.246047,126.873374,30
0:34:34:956,35.246047,126.873374,30
0:34:37:5,35.246047,126.873374,29
0:34:39:54,35.246047,126.873374,29
0:34:41:104,35.246047,126.873374,30
0:34:43:153,35.246047,126.873374,29
0:34:45:203,35.246047,126.873374,29
0:34:47:251,35.246047,126.873374,28
0:34:49:300,35.246047,126.873374,29
0:34:51:350,35.246047,126.873374,29
0:34:53:399,35.246047,126.873374,29
0:34:55:448,35.246047,126.873374,29
0:34:57:497,35.246047,126.873374,29
0:34:59:546,35.246047,126.873374,28
0:35:1:595,35.246047,126.873374,28
0:35:3:644,35.246047,126.873374,28
0:35:5:694,35.246047,126.873374,28
0:35:7:743,35.246047,126.873374,28
0:35:9:792,35.246047,126.873374,28
0:35:11:841,35.246047,126.873374,28
0:35:13:891,35.246047,126.873374,28
0:35:15:940,35.246047,126.873374,28
0:35:17:990,35.246047,126.873374,29
0:35:20:39,35.246047,126.873374,28
0:35:22:89,35.246047,126.873374,28
0:35:24:138,35.246047,126.873374,29
0:35:26:187,35.246047,126.873374,28
0:35:28:235,35.246047,126.873374,28
0:35:30:284,35.246047,126.873374,28
0:35:32:332,35.246047,126.873374,28
0:35:34:381,35.246047,126.873374,29
0:35:36:430,35.246047,126.873374,29
0:35:38:479,35.246047,126.873374,30
0:35:40:528,35.246047,126.873374,30
0:35:42:577,35.246047,126.873374,30
0:35:44:627,35.246047,126.873374,30
0:35:46:676,35.246047,126.873374,29
0:35:48:725,35.246047,126.873374,29
0:35:50:774,35.246047,126.873374,30
0:35:52:823,35.246047,126.873374,29
0:35:54:873,35.246047,126.873374,30
0:35:56:922,35.246047,126.873374,31
0:35:58:971,35.246047,126.873374,31
0:36:1:21,35.246047,126.873374,31
0:36:3:70,35.246047,126.873374,31
0:36:5:120,35.246047,126.873374,31
0:36:7:168,35.246047,126.873374,31
0:36:9:217,35.246047,126.873374,31
0:36:11:266,35.246047,126.873374,31
0:36:13:315,35.246047,126.873374,31
0:36:15:364,35.246047,126.873374,30
0:36:17:413,35.246047,126.873374,31
0:36:19:462,35.246047,126.873374,30
0:36:21:511,35.246047,126.873374,30
0:36:23:560,35.246047,126.873374,30
0:36:25:610,35.246047,126.873374,31
0:36:27:659,35.246047,126.873374,31
0:36:29:708,35.246047,126.873374,30
0:36:31:758,35.246047,126.873374,31
0:36:33:807,35.246047,126.873374,30
0:36:35:856,35.246047,126.873374,30
0:36:37:906,35.246047,126.873374,30
0:36:39:955,35.246047,126.873374,30
0:36:42:4,35.246047,126.873374,30
0:36:44:54,35.246047,126.873374,30
0:36:46:103,35.246047,126.873374,30
0:36:48:151,35.246047,126.873374,30
0:36:50:200,35.246047,126.873374,30
0:36:52:249,35.246047,126.873374,29
0:36:54:298,35.246047,126.873374,30
0:36:56:347,35.246047,126.873374,30
0:36:58:396,35.246047,126.873374,30
0:37:0:445,35.246047,126.873374,30
0:37:2:494,35.246047,126.873374,30
0:37:4:544,35.246047,126.873374,30
0:37:6:594,35.246047,126.873374,31
0:37:8:643,35.246047,126.873374,30
0:37:10:692,35.246047,126.873374,29
0:37:12:741,35.246047,126.873374,29
0:37:14:790,35.246047,126.873374,30
0:37:16:840,35.246047,126.873374,30
0:37:18:889,35.246047,126.873374,30
0:37:20:940,35.246047,126.873374,28
0:37:22:989,35.246047,126.873374,29
0:37:25:38,35.246047,126.873374,30
0:37:27:86,35.246047,126.873374,29
0:37:29:135,35.246047,126.873374,29
0:37:31:184,35.246047,126.873374,29
0:37:33:233,35.246047,126.873374,28
0:37:35:282,35.246047,126.873374,29
0:37:37:331,35.246047,126.873374,28
0:37:39:380,35.246047,126.873374,28
0:37:41:429,35.246047,126.873374,28
0:37:43:478,35.246047,126.873374,28
0:37:45:528,35.246047,126.873374,28
0:37:47:576,35.246047,126.873374,28
0:37:49:626,35.246047,126.873374,27
0:37:51:675,35.246047,126.873374,27
0:37:53:725,35.246047,126.873374,27
0:37:55:774,35.246047,126.873374,27
0:37:57:823,35.246047,126.873374,27
0:37:59:873,35.246047,126.873374,27
0:38:1:922,35.246047,126.873374,27
0:38:3:972,35.246047,126.873374,27
0:38:6:20,35.246047,126.873374,27
0:38:8:69,35.246047,126.873374,27
0:38:10:118,35.246047,126.873374,27
0:38:12:167,35.246047,126.873374,27
0:38:14:216,35.246047,126.873374,27
0:38:16:265,35.246047,126.873374,27
0:38:18:314,35.246047,126.873374,27
0:38:20:363,35.246047,126.873374,28
0:38:22:412,35.246047,126.873374,28
0:38:24:462,35.246047,126.873374,27
0:38:26:511,35.246047,126.873374,27
0:38:28:560,35.246047,126.873374,27
0:38:30:609,35.246047,126.873374,28
0:38:32:658,35.246047,126.873374,28
0:38:34:707,35.246047,126.873374,27
0:38:36:758,35.246047,126.873374,29
0:38:38:807,35.246047,126.873374,29
0:38:40:856,35.246047,126.873374,29
0:38:42:906,35.246047,126.873374,28
0:38:44:955,35.246047,126.873374,28
0:38:47:3,35.246047,126.873374,28
0:38:49:52,35.246047,126.873374,28
0:38:51:101,35.246047,126.873374,28
0:38:53:150,35.246047,126.873374,29
0:38:55:199,35.246047,126.873374,29
0:38:57:248,35.246047,126.873374,29
0:38:59:297,35.246047,126.873374,28
0:39:1:346,35.246047,126.873374,28
0:39:3:396,35.246047,126.873374,29
0:39:5:445,35.246047,126.873374,29
0:39:7:494,35.246047,126.873374,28
0:39:9:543,35.246047,126.873374,28
0:39:11:593,35.246047,126.873374,28
0:39:13:642,35.246047,126.873374,28
0:39:15:691,35.246047,126.873374,28
0:39:17:740,35.246047,126.873374,28
0:39:19:790,35.246047,126.873374,28
0:39:21:839,35.246047,126.873374,28
0:39:23:888,35.246047,126.873374,29
0:39:25:936,35.246047,126.873374,28
0:39:27:985,35.246047,126.873374,28
0:39:30:34,35.246047,126.873374,28
0:39:32:82,35.246047,126.873374,29
0:39:34:131,35.246047,126.873374,29
0:39:36:180,35.246047,126.873374,29
0:39:38:229,35.246047,126.873374,28
0:39:40:278,35.246047,126.873374,28
0:39:42:327,35.246047,126.873374,29
0:39:44:377,35.246047,126.873374,28
0:39:46:426,35.246047,126.873374,28
0:39:48:476,35.246047,126.873374,28
0:39:50:525,35.246047,126.873374,29
0:39:52:576,35.246047,126.873374,29
0:39:54:625,35.246047,126.873374,29
0:39:56:675,35.246047,126.873374,29
0:39:58:724,35.246047,126.873374,29
0:40:0:773,35.246047,126.873374,29
0:40:2:823,35.246047,126.873374,29
0:40:4:871,35.246047,126.873374,29
0:40:6:920,35.246047,126.873374,29
0:40:8:969,35.246047,126.873374,28
0:40:11:18,35.246047,126.873374,29
0:40:13:67,35.246047,126.873374,28
0:40:15:116,35.246047,126.873374,28
0:40:17:165,35.246047,126.873374,28
0:40:19:214,35.246047,126.873374,28
0:40:21:263,35.246047,126.873374,28
0:40:23:313,35.246047,126.873374,28
0:40:25:361,35.246047,126.873374,28
0:40:27:411,35.246047,126.873374,28
0:40:29:460,35.246047,126.873374,28
0:40:31:510,35.246047,126.873374,28
0:40:33:559,35.246047,126.873374,28
0:40:35:609,35.246047,126.873374,28
0:40:37:658,35.246047,126.873374,28
0:40:39:707,35.246047,126.873374,28
0:40:41:757,35.246047,126.873374,28
0:40:43:806,35.246047,126.873374,28
0:40:45:854,35.246047,126.873374,28
0:40:47:903,35.246047,126.873374,28
0:40:49:952,35.246047,126.873374,28
0:40:52:1,35.246047,126.873374,28
0:40:54:50,35.246047,126.873374,28
0:40:56:99,35.246047,126.873374,28
0:40:58:148,35.246047,126.873374,28
0:41:0:197,35.246047,126.873374,28
0:41:2:247,35.246047,126.873374,28
0:41:4:296,35.246047,126.873374,28
0:41:6:345,35.246047,126.873374,28
0:41:8:396,35.246047,126.873374,28
0:41:10:445,35.246047,126.873374,28
0:41:12:494,35.246047,126.873374,28
0:41:14:544,35.246047,126.873374,28
0:41:16:592,35.246047,126.873374,27
0:41:18:642,35.246047,126.873374,27
0:41:20:692,35.246047,126.873374,27
0:41:22:741,35.246047,126.873374,27
0:41:24:790,35.246047,126.873374,27
0:41:26:838,35.246047,126.873374,27
0:41:28:887,35.246047,126.873374,27
0:41:30:936,35.246047,126.873374,27
0:41:32:985,35.246047,126.873374,27
0:41:35:34,35.246047,126.873374,27
0:41:37:83,35.246047,126.873374,27
0:41:39:132,35.246047,126.873374,27
0:41:41:182,35.246047,126.873374,28
0:41:43:231,35.246047,126.873374,28
0:41:45:280,35.246047,126.873374,28
0:41:47:330,35.246047,126.873374,28
0:41:49:379,35.246047,126.873374,28
0:41:51:428,35.246047,126.873374,28
0:41:53:478,35.246047,126.873374,28
0:41:55:527,35.246047,126.873374,28
0:41:57:577,35.246047,126.873374,28
0:41:59:626,35.246047,126.873374,28
0:42:1:676,35.246047,126.873374,28
0:42:3:725,35.246047,126.873374,28
0:42:5:773,35.246047,126.873374,27
0:42:7:822,35.246047,126.873374,28
0:42:9:871,35.246047,126.873374,28
0:42:11:920,35.246047,126.873374,28
0:42:13:969,35.246047,126.873374,28
0:42:16:18,35.246047,126.873374,28
0:42:18:67,35.246047,126.873374,28
0:42:20:116,35.246047,126.873374,28
0:42:22:167,35.246047,126.873374,28
0:42:24:216,35.246047,126.873374,28
0:42:26:265,35.246047,126.873374,28
0:42:28:314,35.246047,126.873374,28
0:42:30:364,35.246047,126.873374,28
0:42:32:413,35.246047,126.873374,28
0:42:34:463,35.246047,126.873374,28
0:42:36:512,35.246047,126.873374,27
0:42:38:562,35.246047,126.873374,28
0:42:40:610,35.246047,126.873374,28
0:42:42:660,35.246047,126.873374,28
0:42:44:708,35.246047,126.873374,28
0:42:46:757,35.246047,126.873374,28
0:42:48:806,35.246047,126.873374,27
0:42:50:855,35.246047,126.873374,27
0:42:52:904,35.246047,126.873374,28
0:42:54:953,35.246047,126.873374,28
0:42:57:2,35.246047,126.873374,28
0:42:59:51,35.246047,126.873374,29
0:43:1:101,35.246047,126.873374,28
0:43:3:150,35.246047,126.873374,29
0:43:5:199,35.246047,126.873374,29
0:43:7:249,35.246047,126.873374,29
0:43:9:298,35.246047,126.873374,29
0:43:11:347,35.246047,126.873374,29
0:43:13:397,35.246047,126.873374,29
0:43:15:446,35.246047,126.873374,29
0:43:17:496,35.246047,126.873374,29
0:43:19:546,35.246047,126.873374,29
0:43:21:595,35.246047,126.873374,29
0:43:23:643,35.246047,126.873374,29
0:43:25:692,35.246047,126.873374,30
0:43:27:741,35.246047,126.873374,30
0:43:29:790,35.246047,126.873374,29
0:43:31:840,35.246047,126.873374,29
0:43:33:889,35.246047,126.873374,29
0:43:35:938,35.246047,126.873374,29
0:43:37:987,35.246047,126.873374,29
0:43:40:36,35.246047,126.873374,29
0:43:42:86,35.246047,126.873374,29
0:43:44:134,35.246047,126.873374,29
0:43:46:184,35.246047,126.873374,29
0:43:48:233,35.246047,126.873374,29
0:43:50:283,35.246047,126.873374,28
0:43:52:332,35.246047,126.873374,28
0:43:54:381,35.246047,126.873374,28
0:43:56:431,35.246047,126.873374,28
0:43:58:480,35.246047,126.873374,27
0:44:0:530,35.246047,126.873374,29
0:44:2:579,35.246047,126.873374,29
0:44:4:627,35.246047,126.873374,29
0:44:6:676,35.246047,126.873374,29
0:44:8:724,35.246047,126.873374,29
0:44:10:773,35.246047,126.873374,29
0:44:12:822,35.246047,126.873374,28
0:44:14:871,35.246047,126.873374,28
0:44:16:920,35.246047,126.873374,28
0:44:18:970,35.246047,126.873374,28
0:44:21:19,35.246047,126.873374,29
0:44:23:69,35.246047,126.873374,29
0:44:25:118,35.246047,126.873374,29
0:44:27:167,35.246047,126.873374,29
0:44:29:217,35.246047,126.873374,29
0:44:31:266,35.246047,126.873374,28
0:44:33:316,35.246047,126.873374,29
0:44:35:365,35.246047,126.873374,29
0:44:37:414,35.246047,126.873374,29
0:44:39:465,35.246047,126.873374,29
0:44:41:515,35.246047,126.873374,29
0:44:43:563,35.246047,126.873374,29
0:44:45:612,35.246047,126.873374,29
0:44:47:661,35.246047,126.873374,29
0:44:49:710,35.246047,126.873374,29
0:44:51:759,35.246047,126.873374,29
0:44:53:808,35.246047,126.873374,29
0:44:55:857,35.246047,126.873374,29
0:44:57:906,35.246047,126.873374,29
0:44:59:956,35.246047,126.873374,29
0:45:2:5,35.246047,126.873374,29
0:45:4:53,35.246047,126.873374,29
0:45:6:103,35.246047,126.873374,30
0:45:8:152,35.246047,126.873374,30
0:45:10:201,35.246047,126.873374,29
0:45:12:251,35.246047,126.873374,29
0:45:14:300,35.246047,126.873374,29
0:45:16:350,35.246047,126.873374,29
0:45:18:399,35.246047,126.873374,29
0:45:20:448,35.246047,126.873374,29
0:45:22:497,35.246047,126.873374,30
0:45:24:545,35.246047,126.873374,29
0:45:26:594,35.246047,126.873374,30
0:45:28:643,35.246047,126.873374,30
0:45:30:692,35.246047,126.873374,30
0:45:32:741,35.246047,126.873374,30
0:45:34:790,35.246047,126.873374,29
0:45:36:839,35.246047,126.873374,30
0:45:38:889,35.246047,126.873374,30
0:45:40:938,35.246047,126.873374,30
0:45:42:987,35.246047,126.873374,30
0:45:45:37,35.246047,126.873374,29
0:45:47:86,35.246047,126.873374,30
0:45:49:135,35.246047,126.873374,31
0:45:51:185,35.246047,126.873374,31
0:45:53:234,35.246047,126.873374,31
0:45:55:284,35.246047,126.873374,30
0:45:57:334,35.246047,126.873374,30
0:45:59:383,35.246047,126.873374,30
0:46:1:431,35.246047,126.873374,31
0:46:3:480,35.246047,126.873374,31
0:46:5:529,35.246047,126.873374,31
0:46:7:578,35.246047,126.873374,31
0:46:9:627,35.246047,126.873374,30
0:46:11:676,35.246047,126.873374,30
0:46:13:725,35.246047,126.873374,30
0:46:15:774,35.246047,126.873374,30
0:46:17:823,35.246047,126.873374,30
0:46:19:873,35.246047,126.873374,31
0:46:21:922,35.246047,126.873374,31
0:46:23:972,35.246047,126.873374,31
0:46:26:21,35.246047,126.873374,31
0:46:28:70,35.246047,126.873374,31
0:46:30:120,35.246047,126.873374,31
0:46:32:170,35.246047,126.873374,31
0:46:34:219,35.246047,126.873374,31
0:46:36:269,35.246047,126.873374,31
0:46:38:318,35.246047,126.873374,32
0:46:40:367,35.246047,126.873374,32
0:46:42:415,35.246047,126.873374,32
0:46:44:464,35.246047,126.873374,32
0:46:46:513,35.246047,126.873374,32
0:46:48:562,35.246047,126.873374,32
0:46:50:611,35.246047,126.873374,32
0:46:52:660,35.246047,126.873374,31
0:46:54:709,35.246047,126.873374,32
0:46:56:758,35.246047,126.873374,32
0:46:58:808,35.246047,126.873374,32
0:47:0:858,35.245998,126.873397,31
0:47:2:907,35.246006,126.87339,32
0:47:4:957,35.246025,126.873359,31
0:47:7:6,35.246059,126.873344,31
0:47:9:56,35.246086,126.873336,31
0:47:11:106,35.246097,126.873336,30
0:47:13:155,35.246097,126.873336,31
0:47:15:204,35.246097,126.873336,31
0:47:17:254,35.246219,126.873321,30
0:47:19:303,35.246299,126.873298,32
0:47:21:352,35.246383,126.873275,31
0:47:23:401,35.246444,126.873214,30
0:47:25:450,35.246479,126.87313,30
0:47:27:499,35.246509,126.873023,30
0:47:29:548,35.246532,126.872917,30
0:47:31:597,35.246559,126.872817,30
0:47:33:646,35.246593,126.872741,30
0:47:35:695,35.246665,126.872688,30
0:47:37:744,35.246749,126.872673,30
0:47:39:793,35.246829,126.87265,29
0:47:41:842,35.246906,126.872642,29
0:47:43:892,35.246994,126.872634,29
0:47:45:941,35.247081,126.872642,29
0:47:47:990,35.247165,126.87268,29
0:47:50:40,35.247245,126.872741,29
0:47:52:89,35.247314,126.87281,29
0:47:54:139,35.247379,126.872871,29
0:47:56:189,35.247478,126.872978,29
0:47:58:238,35.247547,126.873054,29
0:48:0:287,35.247611,126.873138,29
0:48:2:336,35.24768,126.873207,28
0:48:4:385,35.247753,126.87326,28
0:48:6:434,35.247833,126.873298,28
0:48:8:483,35.247928,126.873344,28
0:48:10:532,35.248023,126.873405,28
0:48:12:581,35.248119,126.873458,28
0:48:14:630,35.248203,126.873504,28
0:48:16:679,35.248287,126.873527,29
0:48:18:729,35.24839,126.873527,28
0:48:20:779,35.248523,126.873519,29
0:48:22:828,35.248653,126.873519,46
0:48:24:878,35.248779,126.873512,46
0:48:26:927,35.248889,126.873489,45
0:48:28:976,35.248989,126.873443,45
0:48:31:26,35.249076,126.873382,44
0:48:33:76,35.249164,126.873268,43
0:48:35:125,35.249214,126.873153,43
0:48:37:174,35.249294,126.873039,43
0:48:39:223,35.249389,126.872924,43
0:48:41:272,35.249485,126.87281,43
0:48:43:321,35.249576,126.87268,43
0:48:45:370,35.249691,126.872558,43
0:48:47:419,35.249801,126.872459,42
0:48:49:468,35.249893,126.87239,42
0:48:51:517,35.249969,126.872322,42
0:48:53:566,35.250049,126.872253,42
0:48:55:616,35.250144,126.872177,42
0:48:57:665,35.250247,126.8721,42
0:48:59:715,35.250354,126.872024,42
0:49:1:764,35.250457,126.871955,42
0:49:3:813,35.250553,126.871902,42
0:49:5:863,35.250629,126.871864,42
0:49:7:913,35.250682,126.871849,42
0:49:9:962,35.250709,126.871849,41
0:49:12:11,35.25072,126.871849,40
0:49:14:60,35.250717,126.871849,39
0:49:16:110,35.250717,126.871849,39
0:49:18:159,35.250717,126.871849,38
0:49:20:207,35.250717,126.871849,38
0:49:22:256,35.250717,126.871849,37
0:49:24:305,35.250717,126.871849,36
0:49:26:354,35.250717,126.871849,36
0:49:28:403,35.250717,126.871849,36
0:49:30:452,35.250717,126.871849,36
0:49:32:500,35.250717,126.871849,37
0:49:34:550,35.250717,126.871849,36
0:49:36:600,35.250717,126.871849,36
0:49:38:649,35.250717,126.871849,35
0:49:40:698,35.250717,126.871849,35
0:49:42:748,35.250717,126.871849,35
0:49:44:797,35.250717,126.871849,34
0:49:46:846,35.250717,126.871849,33
0:49:48:896,35.250717,126.871849,32
0:49:50:945,35.250717,126.871849,32
0:49:52:995,35.250717,126.871849,33
0:49:55:44,35.250717,126.871849,32
0:49:57:93,35.250717,126.871849,32
0:49:59:140,35.250717,126.871849,31
0:50:1:189,35.250717,126.871849,30
0:50:3:237,35.250717,126.871849,29
0:50:5:286,35.250717,126.871849,30
0:50:7:335,35.250717,126.871849,30
0:50:9:383,35.250717,126.871849,31
0:50:11:431,35.250717,126.871849,30
0:50:13:480,35.250717,126.871849,30
0:50:15:530,35.250717,126.871849,32
0:50:17:579,35.250717,126.871849,32
0:50:19:628,35.250717,126.871849,32
0:50:21:678,35.250717,126.871849,32
0:50:23:727,35.250717,126.871849,32
0:50:25:776,35.250717,126.871849,32
0:50:27:826,35.250717,126.871849,32
0:50:29:876,35.250717,126.871849,33
0:50:31:925,35.250717,126.871849,33
0:50:33:973,35.250717,126.871849,32
0:50:36:23,35.250717,126.871849,32
0:50:38:72,35.250717,126.871849,33
0:50:40:120,35.250717,126.871849,33
0:50:42:169,35.250717,126.871849,33
0:50:44:218,35.250717,126.871849,33
0:50:46:267,35.250717,126.871849,33
0:50:48:316,35.250717,126.871849,33
0:50:50:364,35.250717,126.871849,33
0:50:52:413,35.250717,126.871849,33
0:50:54:462,35.250717,126.871849,32
0:50:56:513,35.250717,126.871849,32
0:50:58:562,35.250717,126.871849,32
0:51:0:611,35.250717,126.871849,33
0:51:2:660,35.250717,126.871849,33
0:51:4:710,35.250717,126.871849,33
0:51:6:759,35.250717,126.871849,33
0:51:8:808,35.250717,126.871849,33
0:51:10:857,35.250717,126.871849,33
0:51:12:906,35.250717,126.871849,33
0:51:14:956,35.250717,126.871849,34
0:51:17:5,35.250717,126.871849,34
0:51:19:53,35.250717,126.871849,34
0:51:21:101,35.250717,126.871849,34
0:51:23:150,35.250717,126.871849,35
0:51:25:199,35.250717,126.871849,36
0:51:27:248,35.250717,126.871849,36
0:51:29:297,35.250717,126.871849,37
0:51:31:346,35.250717,126.871849,36
0:51:33:395,35.250717,126.871849,57
0:51:35:445,35.250717,126.871849,57
0:51:37:494,35.250717,126.871849,57
0:51:39:543,35.250717,126.871849,57
0:51:41:593,35.250717,126.871849,57
0:51:43:642,35.250717,126.871849,56
0:51:45:691,35.250717,126.871849,56
0:51:47:741,35.250717,126.871849,56
0:51:49:790,35.250717,126.871849,56
0:51:51:840,35.250717,126.871849,57
0:51:53:890,35.250717,126.871849,55
0:51:55:939,35.250717,126.871849,55
0:51:57:987,35.250717,126.871849,54
0:52:0:35,35.250717,126.871849,54
0:52:2:83,35.250717,126.871849,53
0:52:4:132,35.250717,126.871849,52
0:52:6:181,35.250717,126.871849,52
0:52:8:230,35.250717,126.871849,52
0:52:10:279,35.250717,126.871849,51
0:52:12:328,35.250717,126.871849,52
0:52:14:377,35.250717,126.871849,51
0:52:16:428,35.250717,126.871849,51
0:52:18:476,35.250717,126.871849,51
0:52:20:526,35.250717,126.871849,52
0:52:22:575,35.250717,126.871849,52
0:52:24:625,35.250717,126.871849,51
0:52:26:674,35.250717,126.871849,51
0:52:28:723,35.250717,126.871849,52
0:52:30:773,35.250717,126.871849,52
0:52:32:823,35.250717,126.871849,52
0:52:34:872,35.250717,126.871849,53
0:52:36:921,35.250717,126.871849,52
0:52:38:969,35.250717,126.871849,53
0:52:41:18,35.250717,126.871849,54
0:52:43:67,35.250717,126.871849,54
0:52:45:116,35.250717,126.871849,55
0:52:47:165,35.250717,126.871849,54
0:52:49:214,35.250717,126.871849,55
0:52:51:263,35.250717,126.871849,55
0:52:53:312,35.250717,126.871849,57
0:52:55:362,35.250717,126.871849,57
0:52:57:412,35.250717,126.871849,57
0:52:59:461,35.250717,126.871849,59
0:53:1:510,35.250717,126.871849,58
0:53:3:560,35.250717,126.871849,59
0:53:5:609,35.250717,126.871849,59
0:53:7:659,35.250717,126.871849,60
0:53:9:708,35.250717,126.871849,60
0:53:11:758,35.250717,126.871849,61
0:53:13:807,35.250717,126.871849,62
0:53:15:856,35.250717,126.871849,62
0:53:17:904,35.250717,126.871849,62
0:53:19:953,35.250717,126.871849,62
0:53:22:2,35.250717,126.871849,62
0:53:24:51,35.250717,126.871849,63
0:53:26:100,35.250717,126.871849,63
0:53:28:150,35.250717,126.871849,63
0:53:30:199,35.250717,126.871849,63
0:53:32:248,35.250717,126.871849,64
0:53:34:297,35.250717,126.871849,63
0:53:36:348,35.250717,126.871849,63
0:53:38:397,35.250717,126.871849,63
0:53:40:447,35.250717,126.871849,62
0:53:42:496,35.250717,126.871849,61
0:53:44:545,35.250717,126.871849,60
0:53:46:595,35.250717,126.871849,60
0:53:48:644,35.250717,126.871849,59
0:53:50:693,35.250717,126.871849,58
0:53:52:743,35.250717,126.871849,58
0:53:54:792,35.250717,126.871849,58
0:53:56:840,35.250717,126.871849,57
0:53:58:889,35.250717,126.871849,57
0:54:0:938,35.250717,126.871849,57
0:54:2:986,35.250717,126.871849,58
0:54:5:35,35.250717,126.871849,58
0:54:7:84,35.250717,126.871849,58
0:54:9:133,35.250717,126.871849,57
0:54:11:182,35.250717,126.871849,56
0:54:13:231,35.250717,126.871849,55
0:54:15:281,35.250717,126.871849,54
0:54:17:330,35.250717,126.871849,53
0:54:19:380,35.250717,126.871849,52
0:54:21:429,35.250717,126.871849,53
0:54:23:478,35.250717,126.871849,52
0:54:25:528,35.250717,126.871849,50
0:54:27:577,35.250717,126.871849,50
0:54:29:627,35.250717,126.871849,50
0:54:31:677,35.250717,126.871849,51
0:54:33:726,35.250717,126.871849,50
0:54:35:776,35.250717,126.871849,51
0:54:37:824,35.250717,126.871849,52
0:54:39:873,35.250717,126.871849,51
0:54:41:922,35.250717,126.871849,52
0:54:43:971,35.250717,126.871849,51
0:54:46:20,35.250717,126.871849,52
0:54:48:69,35.250717,126.871849,52
0:54:50:118,35.250717,126.871849,52
0:54:52:167,35.250717,126.871849,52
0:54:54:217,35.250717,126.871849,52
0:54:56:266,35.250717,126.871849,52
0:54:58:315,35.250717,126.871849,52
0:55:0:364,35.250717,126.871849,51
0:55:2:414,35.250717,126.871849,52
0:55:4:463,35.250717,126.871849,52
0:55:6:513,35.250705,126.871826,52
0:55:8:562,35.250743,126.871849,51
0:55:10:612,35.250808,126.871879,50
0:55:12:662,35.250934,126.871932,50
0:55:14:711,35.251026,126.871971,49
0:55:16:760,35.251121,126.872001,49
0:55:18:809,35.251228,126.872047,48
0:55:20:858,35.251346,126.8721,48
0:55:22:907,35.251472,126.872146,47
0:55:24:956,35.251598,126.872207,47
0:55:27:5,35.251716,126.872268,46
0:55:29:54,35.251827,126.872314,46
0:55:31:103,35.251926,126.872367,46
0:55:33:152,35.252033,126.872413,46
0:55:35:201,35.252162,126.872444,45
0:55:37:250,35.252304,126.872467,45
0:55:39:300,35.252441,126.872489,45
0:55:41:349,35.252574,126.872505,45
0:55:43:399,35.2527,126.872512,44
0:55:45:448,35.252815,126.872528,44
0:55:47:499,35.252918,126.872528,43
0:55:49:549,35.253013,126.872505,43
0:55:51:599,35.25315,126.872398,42
0:55:53:648,35.253238,126.872276,42
0:55:55:697,35.253337,126.872131,41
0:55:57:746,35.253448,126.871994,42
0:55:59:795,35.253578,126.871902,42
0:56:1:844,35.253723,126.871833,42
0:56:3:893,35.253868,126.871772,41
0:56:5:942,35.25399,126.871688,41
0:56:7:991,35.254081,126.871582,41
0:56:10:40,35.254158,126.871467,42
0:56:12:90,35.254211,126.871353,42
0:56:14:139,35.254257,126.871246,42
0:56:16:188,35.254291,126.871124,42
0:56:18:237,35.254299,126.871002,43
0:56:20:287,35.254268,126.870872,43
0:56:22:336,35.254219,126.870727,43
0:56:24:385,35.254184,126.870582,43
0:56:26:435,35.254188,126.870437,43
0:56:28:484,35.254238,126.870285,42
0:56:30:534,35.254371,126.870056,42
0:56:32:584,35.25447,126.869926,42
0:56:34:633,35.254558,126.869834,42
0:56:36:682,35.254646,126.869766,41
0:56:38:731,35.254737,126.869689,41
0:56:40:780,35.25484,126.869606,41
0:56:42:829,35.254955,126.869529,41
0:56:44:878,35.255062,126.869445,42
0:56:46:927,35.255157,126.869346,42
0:56:48:976,35.255222,126.869216,43
0:56:51:26,35.255249,126.869041,43
0:56:53:76,35.255271,126.868858,43
0:56:55:127,35.255306,126.868667,43
0:56:57:176,35.255363,126.868515,43
0:56:59:225,35.255416,126.868415,42
0:57:1:275,35.255451,126.868362,42
0:57:3:324,35.255474,126.868316,41
0:57:5:373,35.255481,126.868301,41
0:57:7:423,35.255481,126.868293,41
0:57:9:472,35.255477,126.868293,40
0:57:11:522,35.255477,126.868293,40
0:57:13:571,35.255477,126.868293,40
0:57:15:619,35.255477,126.868293,39
0:57:17:668,35.255477,126.868293,38
0:57:19:717,35.255477,126.868293,37
0:57:21:766,35.255477,126.868293,37
0:57:23:815,35.255477,126.868293,36
0:57:25:864,35.255477,126.868293,35
0:57:27:913,35.255477,126.868293,34
0:57:29:962,35.255477,126.868293,34
0:57:32:13,35.255477,126.868293,33
0:57:34:62,35.255477,126.868293,33
0:57:36:111,35.255477,126.868293,33
0:57:38:161,35.255477,126.868293,32
0:57:40:210,35.255477,126.868293,31
0:57:42:260,35.255477,126.868293,30
0:57:44:310,35.255477,126.868293,30
0:57:46:359,35.255477,126.868293,29
0:57:48:409,35.255477,126.868293,28
0:57:50:459,35.255477,126.868293,27
0:57:52:508,35.255477,126.868293,28
0:57:54:556,35.255477,126.868293,27
0:57:56:605,35.255477,126.868293,27
0:57:58:654,35.255477,126.868293,27
0:58:0:704,35.255477,126.868293,27
0:58:2:753,35.255477,126.868293,27
0:58:4:802,35.255477,126.868293,27
0:58:6:851,35.255477,126.868293,28
0:58:8:900,35.255477,126.868293,28
0:58:10:950,35.255477,126.868293,28
0:58:12:999,35.255477,126.868293,28
0:58:15:49,35.255477,126.868293,28
0:58:17:98,35.255477,126.868293,29
0:58:19:147,35.255477,126.868293,29
0:58:21:197,35.255477,126.868293,44
0:58:23:246,35.255477,126.868293,44
0:58:25:295,35.255477,126.868293,44
0:58:27:345,35.255477,126.868293,44
0:58:29:395,35.255477,126.868293,43
0:58:31:445,35.255477,126.868293,43
0:58:33:493,35.255477,126.868293,42
0:58:35:542,35.255477,126.868293,42
0:58:37:591,35.255477,126.868293,41
0:58:39:640,35.255477,126.868293,40
0:58:41:689,35.255477,126.868293,40
0:58:43:738,35.255477,126.868293,39
0:58:45:787,35.255477,126.868293,38
0:58:47:836,35.255477,126.868293,38
0:58:49:885,35.255477,126.868293,37
0:58:51:936,35.255477,126.868293,37
0:58:53:986,35.255477,126.868293,36
0:58:56:35,35.255477,126.868293,36
0:58:58:84,35.255477,126.868293,36
0:59:0:134,35.255477,126.868293,34
0:59:2:183,35.255477,126.868293,35
0:59:4:233,35.255477,126.868293,34
0:59:6:283,35.255477,126.868293,34
0:59:8:332,35.255477,126.868293,33
0:59:10:382,35.255477,126.868293,32
0:59:12:431,35.255477,126.868293,30
0:59:14:479,35.255477,126.868293,31
0:59:16:528,35.255477,126.868293,30
0:59:18:577,35.255477,126.868293,28
0:59:20:626,35.255477,126.868293,28
0:59:22:675,35.255477,126.868293,28
0:59:24:724,35.255477,126.868293,28
0:59:26:773,35.255477,126.868293,28
0:59:28:822,35.255477,126.868293,27
0:59:30:872,35.255477,126.868293,27
0:59:32:922,35.255477,126.868293,28
0:59:34:971,35.255477,126.868293,28
0:59:37:21,35.255477,126.868293,28
0:59:39:70,35.255477,126.868293,28
0:59:41:119,35.255477,126.868293,28
0:59:43:169,35.255477,126.868293,28
0:59:45:218,35.255477,126.868293,28
0:59:47:268,35.255477,126.868293,28
0:59:49:318,35.255477,126.868293,28
0:59:51:367,35.255477,126.868293,27
0:59:53:415,35.255477,126.868293,27
0:59:55:464,35.255477,126.868293,28
0:59:57:513,35.255477,126.868293,27
0:59:59:562,35.255477,126.868293,28
1:0:1:611,35.255477,126.868293,28
1:0:3:660,35.255477,126.868293,27
1:0:5:709,35.255477,126.868293,27
1:0:7:758,35.255477,126.868293,27
1:0:9:808,35.255477,126.868293,27
1:0:11:857,35.255477,126.868293,26
1:0:13:906,35.255477,126.868293,27
1:0:15:956,35.255477,126.868293,26
1:0:18:6,35.255477,126.868293,27
1:0:20:55,35.255477,126.868293,27
1:0:22:105,35.255477,126.868293,26
1:0:24:154,35.255477,126.868293,26
1:0:26:204,35.255477,126.868293,26
1:0:28:254,35.255477,126.868293,26
1:0:30:303,35.255477,126.868293,26
1:0:32:352,35.255477,126.868293,26
1:0:34:400,35.255477,126.868293,26
1:0:36:449,35.255477,126.868293,26
1:0:38:498,35.255477,126.868293,26
1:0:40:547,35.255477,126.868293,26
1:0:42:596,35.255477,126.868293,26
1:0:44:645,35.255477,126.868293,26
1:0:46:694,35.255477,126.868293,26
1:0:48:743,35.255477,126.868293,26
1:0:50:794,35.255477,126.868293,26
1:0:52:843,35.255477,126.868293,26
1:0:54:893,35.255477,126.868293,26
1:0:56:942,35.255477,126.868293,26
1:0:58:992,35.255477,126.868293,25
1:1:1:41,35.255477,126.868293,26
1:1:3:90,35.255477,126.868293,27
1:1:5:140,35.255477,126.868293,27
1:1:7:190,35.255477,126.868293,27
1:1:9:239,35.255477,126.868293,27
1:1:11:288,35.255477,126.868293,27
1:1:13:336,35.255477,126.868293,26
1:1:15:385,35.255477,126.868293,26
1:1:17:434,35.255477,126.868293,27
1:1:19:483,35.255477,126.868293,27
1:1:21:532,35.255477,126.868293,27
1:1:23:581,35.255477,126.868293,27
1:1:25:630,35.255477,126.868293,27
1:1:27:680,35.255477,126.868293,27
1:1:29:730,35.255477,126.868293,27
1:1:31:780,35.255477,126.868293,26
1:1:33:829,35.255477,126.868293,26
1:1:35:878,35.255477,126.868293,26
1:1:37:928,35.255477,126.868293,27
1:1:39:977,35.255477,126.868293,27
1:1:42:27,35.255477,126.868293,26
1:1:44:76,35.255477,126.868293,26
1:1:46:126,35.255477,126.868293,26
1:1:48:176,35.255477,126.868293,26
1:1:50:225,35.255477,126.868293,26
1:1:52:273,35.255477,126.868293,26
1:1:54:322,35.255477,126.868293,26
1:1:56:371,35.255477,126.868293,26
1:1:58:420,35.255477,126.868293,26
1:2:0:469,35.255477,126.868293,26
1:2:2:518,35.255477,126.868293,26
1:2:4:567,35.255477,126.868293,26
1:2:6:617,35.255477,126.868293,25
1:2:8:667,35.255477,126.868293,25
1:2:10:717,35.255477,126.868293,26
1:2:12:766,35.255477,126.868293,26
1:2:14:815,35.255477,126.868293,25
1:2:16:865,35.255477,126.868293,26
1:2:18:914,35.255477,126.868293,25
1:2:20:964,35.255477,126.868293,26
1:2:23:13,35.255477,126.868293,26
1:2:25:63,35.255477,126.868293,27
1:2:27:112,35.255477,126.868293,26
1:2:29:161,35.255477,126.868293,26
1:2:31:211,35.255477,126.868293,27
1:2:33:259,35.255477,126.868293,27
1:2:35:308,35.255477,126.868293,27
1:2:37:357,35.255477,126.868293,27
1:2:39:406,35.255477,126.868293,25
1:2:41:455,35.255477,126.868293,26
1:2:43:504,35.255477,126.868293,27
1:2:45:553,35.255477,126.868293,27
1:2:47:602,35.255477,126.868293,27
1:2:49:652,35.255477,126.868293,27
1:2:51:701,35.255477,126.868293,26
1:2:53:751,35.255477,126.868293,26
1:2:55:800,35.255477,126.868293,26
1:2:57:850,35.255477,126.868293,27
1:2:59:899,35.255477,126.868293,26
1:3:1:949,35.255477,126.868293,25
1:3:3:998,35.255477,126.868293,25
1:3:6:48,35.255477,126.868293,25
1:3:8:97,35.255477,126.868293,25
1:3:10:146,35.255477,126.868293,25
1:3:12:194,35.255477,126.868293,25
1:3:14:243,35.255477,126.868293,25
1:3:16:292,35.255477,126.868293,25
1:3:18:341,35.255477,126.868293,25
1:3:20:390,35.255477,126.868293,25
1:3:22:439,35.255477,126.868293,25
1:3:24:488,35.255447,126.868324,25
1:3:26:538,35.255443,126.868301,25
1:3:28:588,35.255451,126.868255,25
1:3:30:638,35.255462,126.868179,25
1:3:32:687,35.255474,126.868064,26
1:3:34:737,35.255458,126.867958,26
1:3:36:787,35.255424,126.867843,26
1:3:38:838,35.255374,126.867721,26
1:3:40:888,35.255325,126.867599,27
1:3:42:937,35.255275,126.867485,27
1:3:44:988,35.255245,126.867393,27
1:3:47:38,35.255252,126.867317,27
1:3:49:87,35.255302,126.867263,27
1:3:51:136,35.25539,126.867225,27
1:3:53:185,35.255493,126.867195,28
1:3:55:234,35.255603,126.867172,28
1:3:57:283,35.255725,126.867141,28
1:3:59:332,35.255855,126.867103,30
1:4:1:381,35.255989,126.867065,44
1:4:3:430,35.256111,126.867042,44
1:4:5:478,35.256237,126.867012,44
1:4:7:528,35.256362,126.866981,43
1:4:9:578,35.256481,126.86695,43
1:4:11:627,35.256584,126.86692,43
1:4:13:677,35.256679,126.866905,43
1:4:15:726,35.256778,126.866897,42
1:4:17:776,35.256881,126.866897,42
1:4:19:825,35.256969,126.866905,41
1:4:21:876,35.257034,126.866912,40
1:4:23:925,35.257076,126.866897,39
1:4:25:975,35.257095,126.866867,39
1:4:28:25,35.257099,126.86679,38
1:4:30:74,35.257133,126.866714,37
1:4:32:123,35.257209,126.86663,37
1:4:34:172,35.257312,126.866516,37
1:4:36:221,35.257415,126.866386,37
1:4:38:270,35.257507,126.866256,38
1:4:40:320,35.257602,126.866127,38
1:4:42:369,35.257713,126.865974,38
1:4:44:418,35.257823,126.865844,38
1:4:46:467,35.257926,126.865715,38
1:4:48:516,35.258007,126.865592,39
1:4:50:566,35.258068,126.865509,38
1:4:52:615,35.25811,126.865447,37
1:4:54:665,35.258148,126.865394,36
1:4:56:714,35.258193,126.865333,36
1:4:58:763,35.258247,126.865264,35
1:5:0:813,35.258296,126.865188,34
1:5:2:863,35.258346,126.865104,34
1:5:4:913,35.258415,126.864967,34
1:5:6:962,35.25846,126.864852,33
1:5:9:11,35.25851,126.86473,34
1:5:11:60,35.258567,126.864616,33
1:5:13:110,35.258644,126.864501,33
1:5:15:159,35.258735,126.864402,34
1:5:17:208,35.258827,126.864318,34
1:5:19:257,35.258907,126.864242,35
1:5:21:306,35.258979,126.864196,35
1:5:23:355,35.259052,126.864166,35
1:5:25:404,35.259117,126.864143,35
1:5:27:453,35.259174,126.864112,36
1:5:29:503,35.259231,126.864082,36
1:5:31:552,35.259265,126.864051,35
1:5:33:602,35.259296,126.864036,34
1:5:35:651,35.259319,126.864028,33
1:5:37:700,35.259342,126.864021,32
1:5:39:749,35.259365,126.864013,31
1:5:41:798,35.259376,126.864013,30
1:5:43:848,35.259376,126.864013,29
1:5:45:897,35.25938,126.864013,29
1:5:47:947,35.25938,126.864013,28
1:5:49:995,35.25938,126.864013,28
1:5:52:44,35.25938,126.864013,28
1:5:54:93,35.25938,126.864013,28
1:5:56:142,35.25938,126.864013,27
1:5:58:191,35.25938,126.864013,27
1:6:0:240,35.25938,126.864013,26
1:6:2:289,35.25938,126.864013,26
1:6:4:338,35.25938,126.864013,26
1:6:6:388,35.25938,126.864013,26
1:6:8:437,35.25938,126.864013,26
1:6:10:486,35.25938,126.864013,25
1:6:12:536,35.25938,126.864013,25
1:6:14:585,35.25938,126.864013,23
1:6:16:634,35.25938,126.864013,23
1:6:18:684,35.25938,126.864013,24
1:6:20:733,35.25938,126.864013,22
1:6:22:783,35.25938,126.864013,23
1:6:24:832,35.25938,126.864013,23
1:6:26:881,35.25938,126.864013,23
1:6:28:929,35.25938,126.864013,24
1:6:30:978,35.25938,126.864013,24
1:6:33:27,35.25938,126.864013,25
1:6:35:76,35.25938,126.864013,25
1:6:37:125,35.25938,126.864013,25
1:6:39:174,35.25938,126.864013,25
1:6:41:223,35.25938,126.864013,26
1:6:43:272,35.25938,126.864013,25
1:6:45:322,35.25938,126.864013,25
1:6:47:371,35.25938,126.864013,26
1:6:49:420,35.25938,126.864013,25
1:6:51:470,35.25938,126.864013,25
1:6:53:519,35.25938,126.864013,25
1:6:55:568,35.25938,126.864013,26
1:6:57:618,35.25938,126.864013,26
1:6:59:667,35.25938,126.864013,26
1:7:1:718,35.25938,126.864013,26
1:7:3:767,35.25938,126.864013,26
1:7:5:816,35.25938,126.864013,26
1:7:7:865,35.25938,126.864013,27
1:7:9:913,35.25938,126.864013,27
1:7:11:962,35.25938,126.864013,27
1:7:14:11,35.25938,126.864013,27
1:7:16:60,35.25938,126.864013,27
1:7:18:109,35.25938,126.864013,26
1:7:20:158,35.25938,126.864013,27
1:7:22:207,35.25938,126.864013,27
1:7:24:256,35.25938,126.864013,27
1:7:26:306,35.25938,126.864013,27
1:7:28:355,35.25938,126.864013,27
1:7:30:405,35.25938,126.864013,26
1:7:32:454,35.25938,126.864013,27
1:7:34:504,35.25938,126.864013,27
1:7:36:553,35.25938,126.864013,27
1:7:38:603,35.25938,126.864013,27
1:7:40:652,35.25938,126.864013,26
1:7:42:701,35.25938,126.864013,27
1:7:44:751,35.25938,126.864013,27
1:7:46:800,35.25938,126.864013,27
1:7:48:848,35.25938,126.864013,28
1:7:50:897,35.25938,126.864013,28
1:7:52:946,35.25938,126.864013,27
1:7:54:995,35.25938,126.864013,27
1:7:57:44,35.25938,126.864013,27
1:7:59:93,35.25938,126.864013,28
1:8:1:142,35.25938,126.864013,28
1:8:3:191,35.25938,126.864013,28
1:8:5:241,35.25938,126.864013,28
1:8:7:291,35.25938,126.864013,28
1:8:9:340,35.25938,126.864013,28
1:8:11:389,35.25938,126.864013,28
1:8:13:440,35.25938,126.864013,28
1:8:15:489,35.25938,126.864013,29
1:8:17:539,35.25938,126.864013,30
1:8:19:588,35.25938,126.864013,29
1:8:21:638,35.25938,126.864013,29
1:8:23:687,35.25938,126.864013,29
1:8:25:736,35.25938,126.864013,29
1:8:27:784,35.25938,126.864013,29
1:8:29:833,35.25938,126.864013,30
1:8:31:882,35.25938,126.864013,29
1:8:33:931,35.25938,126.864013,28
1:8:35:980,35.25938,126.864013,29
1:8:38:29,35.25938,126.864013,29
1:8:40:78,35.25938,126.864013,29
1:8:42:127,35.25938,126.864013,29
1:8:44:177,35.25938,126.864013,28
1:8:46:226,35.25938,126.864013,28
1:8:48:275,35.25938,126.864013,28
1:8:50:324,35.25938,126.864013,28
1:8:52:374,35.25938,126.864013,29
1:8:54:423,35.25938,126.864013,29
1:8:56:473,35.25938,126.864013,29
1:8:58:521,35.25938,126.864013,29
1:9:0:570,35.25938,126.864013,29
1:9:2:620,35.25938,126.864013,29
1:9:4:669,35.25938,126.864013,29
1:9:6:717,35.25938,126.864013,29
1:9:8:766,35.25938,126.864013,29
1:9:10:815,35.25938,126.864013,29
1:9:12:864,35.25938,126.864013,29
1:9:14:913,35.25938,126.864013,29
1:9:16:962,35.25938,126.864013,29
1:9:19:11,35.25938,126.864013,29
1:9:21:60,35.25938,126.864013,31
1:9:23:110,35.25938,126.864013,30
1:9:25:159,35.25938,126.864013,30
1:9:27:208,35.25938,126.864013,29
1:9:29:259,35.25938,126.864013,29
1:9:31:308,35.25938,126.864013,29
1:9:33:358,35.25938,126.864013,30
1:9:35:407,35.25938,126.864013,30
1:9:37:456,35.25938,126.864013,30
1:9:39:506,35.25938,126.864013,30
1:9:41:556,35.25938,126.864013,30
1:9:43:605,35.25938,126.864013,30
1:9:45:654,35.25938,126.864013,30
1:9:47:702,35.25938,126.864013,30
1:9:49:751,35.25938,126.864013,29
1:9:51:800,35.25938,126.864013,29
1:9:53:849,35.25938,126.864013,29
1:9:55:898,35.25938,126.864013,29
1:9:57:947,35.25938,126.864013,29
1:9:59:996,35.25938,126.864013,29
1:10:2:45,35.25938,126.864013,29
1:10:4:95,35.25938,126.864013,29
1:10:6:144,35.25938,126.864013,29
1:10:8:193,35.25938,126.864013,28
1:10:10:242,35.25938,126.864013,28
1:10:12:292,35.25938,126.864013,28
1:10:14:341,35.25938,126.864013,28
1:10:16:391,35.25938,126.864013,27
1:10:18:440,35.25938,126.864013,27
1:10:20:490,35.25938,126.864013,27
1:10:22:540,35.259342,126.864059,27
1:10:24:589,35.259361,126.864036,26
1:10:26:638,35.259391,126.863998,27
1:10:28:687,35.25941,126.863929,27
1:10:30:736,35.259395,126.863845,27
1:10:32:785,35.259353,126.863754,27
1:10:34:834,35.259296,126.863639,27
1:10:36:883,35.259235,126.86351,27
1:10:38:932,35.259181,126.86338,28
1:10:40:982,35.259124,126.863258,41
1:10:43:31,35.259075,126.863143,41
1:10:45:81,35.259021,126.863037,41
1:10:47:130,35.258956,126.86293,41
1:10:49:180,35.25888,126.862823,41
1:10:51:229,35.258777,126.862739,41
1:10:53:279,35.258644,126.862701,41
1:10:55:328,35.258495,126.862686,40
1:10:57:377,35.258346,126.862709,40
1:10:59:427,35.258174,126.862762,40
1:11:1:477,35.257923,126.862838,40
1:11:3:526,35.257751,126.862899,40
1:11:5:575,35.25756,126.862945,40
1:11:7:624,35.257331,126.862953,41
1:11:9:673,35.257091,126.862922,41
1:11:11:722,35.256843,126.862899,42
1:11:13:771,35.256599,126.862892,42
1:11:15:820,35.256347,126.862884,43
1:11:17:869,35.256069,126.862861,44
1:11:19:918,35.255825,126.862815,44
1:11:21:968,35.255596,126.8628,44
1:11:24:17,35.255378,126.862823,44
1:11:26:66,35.255168,126.862892,45
1:11:28:115,35.254955,126.86293,45
1:11:30:164,35.25473,126.862937,45
1:11:32:214,35.25452,126.862922,46
1:11:34:263,35.254333,126.862884,46
1:11:36:312,35.254165,126.862846,46
1:11:38:362,35.254035,126.862808,46
1:11:40:412,35.253868,126.862754,45
1:11:42:461,35.253757,126.862739,45
1:11:44:510,35.253643,126.862724,45
1:11:46:560,35.253524,126.862716,45
1:11:48:609,35.253406,126.862709,44
1:11:50:658,35.253292,126.862701,44
1:11:52:707,35.253189,126.862693,44
1:11:54:756,35.253082,126.862693,44
1:11:56:805,35.252971,126.862686,44
1:11:58:854,35.252864,126.862693,44
1:12:0:903,35.252777,126.862693,43
1:12:2:953,35.252719,126.862693,42
1:12:5:3,35.252655,126.862693,42
1:12:7:52,35.252586,126.862693,13
1:12:9:101,35.25251,126.862686,14
1:12:11:151,35.252426,126.862678,15
1:12:13:200,35.252315,126.862663,40
1:12:15:250,35.252174,126.862655,40
1:12:17:299,35.252029,126.862686,40
1:12:19:348,35.251899,126.862754,40
1:12:21:398,35.251716,126.862876,40
1:12:23:447,35.251613,126.862937,40
1:12:25:496,35.251533,126.862983,39
1:12:27:545,35.251453,126.863029,39
1:12:29:594,35.25138,126.863082,39
1:12:31:643,35.251327,126.863121,38
1:12:33:692,35.251274,126.863151,37
1:12:35:741,35.251247,126.863159,36
1:12:37:790,35.251243,126.863159,36
1:12:39:838,35.251243,126.863151,35
1:12:41:888,35.251243,126.863151,34
1:12:43:937,35.25127,126.863159,34
1:12:45:986,35.251285,126.863166,33
1:12:48:36,35.251293,126.863166,33
1:12:50:85,35.2513,126.863174,32
1:12:52:134,35.251304,126.863166,32
1:12:54:184,35.251304,126.863166,32
1:12:56:233,35.251304,126.863166,31
1:12:58:283,35.251304,126.863166,31
1:13:0:333,35.251304,126.863166,30
1:13:2:382,35.251304,126.863166,30
1:13:4:430,35.251304,126.863166,29
1:13:6:479,35.251304,126.863166,29
1:13:8:528,35.251304,126.863166,29
1:13:10:577,35.251304,126.863166,28
1:13:12:626,35.251304,126.863166,27
1:13:14:675,35.251304,126.863166,27
1:13:16:724,35.251304,126.863166,26
1:13:18:773,35.251304,126.863166,26
1:13:20:823,35.251304,126.863166,25
1:13:22:872,35.251304,126.863166,25
1:13:24:921,35.251304,126.863166,26
1:13:26:971,35.251304,126.863166,26
1:13:29:20,35.251304,126.863166,26
1:13:31:69,35.251304,126.863166,26
1:13:33:119,35.251304,126.863166,26
1:13:35:168,35.251304,126.863166,26
1:13:37:217,35.251304,126.863166,26
1:13:39:267,35.251304,126.863166,26
1:13:41:315,35.251304,126.863166,26
1:13:43:364,35.251304,126.863166,26
1:13:45:413,35.251304,126.863166,26
1:13:47:462,35.251304,126.863166,26
1:13:49:511,35.251304,126.863166,26
1:13:51:560,35.251304,126.863166,26
1:13:53:609,35.251304,126.863166,27
1:13:55:658,35.251304,126.863166,27
1:13:57:707,35.251304,126.863166,26
1:13:59:756,35.251304,126.863166,27
1:14:1:806,35.251304,126.863166,26
1:14:3:854,35.251304,126.863166,26
1:14:5:904,35.251304,126.863166,26
1:14:7:953,35.251304,126.863166,26
1:14:10:3,35.251304,126.863166,26
1:14:12:52,35.251304,126.863166,27
1:14:14:103,35.251304,126.863166,26
1:14:16:152,35.251304,126.863166,26
1:14:18:202,35.251304,126.863166,26
1:14:20:252,35.251304,126.863166,26
1:14:22:301,35.251304,126.863166,26
1:14:24:349,35.251304,126.863166,26
1:14:26:398,35.251304,126.863166,26
1:14:28:447,35.251304,126.863166,27
1:14:30:496,35.251304,126.863166,26
1:14:32:545,35.251304,126.863166,26
1:14:34:594,35.251304,126.863166,26
1:14:36:643,35.251304,126.863166,26
1:14:38:692,35.251304,126.863166,26
1:14:40:742,35.251304,126.863166,26
1:14:42:792,35.251304,126.863166,26
1:14:44:841,35.251304,126.863166,26
1:14:46:890,35.251304,126.863166,26
1:14:48:940,35.251304,126.863166,26
1:14:50:989,35.251304,126.863166,26
1:14:53:39,35.251304,126.863166,26
1:14:55:88,35.251304,126.863166,26
1:14:57:138,35.251304,126.863166,26
1:14:59:188,35.251304,126.863166,26
1:15:1:237,35.251304,126.863166,26
1:15:3:285,35.251304,126.863166,26
1:15:5:334,35.251304,126.863166,26
1:15:7:383,35.251304,126.863166,26
1:15:9:432,35.251304,126.863166,26
1:15:11:481,35.251304,126.863166,26
1:15:13:530,35.251304,126.863166,26
1:15:15:579,35.251304,126.863166,26
1:15:17:628,35.251304,126.863166,26
1:15:19:678,35.251293,126.863136,26
1:15:21:728,35.251258,126.863128,26
1:15:23:778,35.25119,126.863098,26
1:15:25:827,35.251106,126.863082,26
1:15:27:877,35.251003,126.863082,27
1:15:29:926,35.250858,126.863075,27
1:15:31:975,35.250675,126.863067,28
1:15:34:26,35.250465,126.863052,29
1:15:36:75,35.250267,126.863037,30
1:15:38:124,35.249938,126.863029,44
1:15:40:174,35.249694,126.863029,44
1:15:42:223,35.249431,126.862991,44
1:15:44:272,35.249156,126.862991,45
1:15:46:321,35.248886,126.862968,45
1:15:48:370,35.2486,126.862968,45
1:15:50:419,35.248317,126.86296,46
1:15:52:468,35.248092,126.862945,46
1:15:54:517,35.24792,126.86293,46
1:15:56:566,35.247741,126.862953,46
1:15:58:616,35.247566,126.863029,46
1:16:0:665,35.247417,126.863189,46
1:16:2:715,35.247245,126.86338,47
1:16:4:764,35.247074,126.86354,47
1:16:6:814,35.246894,126.863662,47
1:16:8:863,35.246696,126.863754,47
1:16:10:912,35.24649,126.863807,48
1:16:12:962,35.246276,126.863815,48
1:16:15:11,35.24604,126.863822,49
1:16:17:61,35.2458,126.863815,48
1:16:19:110,35.245414,126.8638,50
1:16:21:159,35.245174,126.863784,50
1:16:23:208,35.244899,126.863754,50
1:16:25:257,35.244716,126.863746,50
1:16:27:307,35.244567,126.863739,51
1:16:29:356,35.24438,126.863716,52
1:16:31:405,35.244178,126.863716,52
1:16:33:454,35.243968,126.863708,52
1:16:35:503,35.243717,126.863685,52
1:16:37:552,35.243484,126.863677,53
1:16:39:602,35.243228,126.863685,53
1:16:41:651,35.242984,126.863685,53
1:16:43:700,35.242748,126.86367,53
1:16:45:750,35.242492,126.86367,53
1:16:47:799,35.242248,126.863662,53
1:16:49:849,35.241985,126.863639,54
1:16:51:899,35.241703,126.863639,54
1:16:53:949,35.241416,126.863624,55
1:16:55:998,35.241161,126.863609,57
1:16:58:48,35.240856,126.863555,57
1:17:0:97,35.240711,126.86351,57
1:17:2:146,35.240573,126.863487,58
1:17:4:195,35.240447,126.863471,58
1:17:6:244,35.240333,126.863471,58
1:17:8:293,35.240253,126.863471,57
1:17:10:342,35.240188,126.863471,56
1:17:12:391,35.240116,126.863471,25
1:17:14:440,35.240013,126.863471,26
1:17:16:489,35.239883,126.863464,27
1:17:18:538,35.239746,126.863456,55
1:17:20:587,35.239582,126.863449,56
1:17:22:637,35.23941,126.863441,55
1:17:24:686,35.239246,126.863433,55
1:17:26:736,35.239128,126.863433,53
1:17:28:785,35.239074,126.863449,52
1:17:30:834,35.239036,126.863502,28
1:17:32:884,35.239021,126.863616,28
1:17:34:934,35.239063,126.863792,30
1:17:36:984,35.239166,126.864158,57
1:17:39:33,35.239246,126.864448,57
1:17:41:82,35.239368,126.864768,57
1:17:43:131,35.239498,126.865135,57
1:17:45:180,35.239631,126.865486,58
1:17:47:229,35.239749,126.865829,59
1:17:49:278,35.239856,126.866172,60
1:17:51:327,35.239963,126.866508,60
1:17:53:376,35.240066,126.866836,60
1:17:55:425,35.240154,126.867156,62
1:17:57:475,35.240238,126.867462,62
1:17:59:525,35.240314,126.867752,63
1:18:1:575,35.240375,126.867988,63
1:18:3:624,35.240409,126.868156,63
1:18:5:673,35.240413,126.86827,62
1:18:7:723,35.240356,126.868347,60
1:18:9:772,35.240249,126.8684,60
1:18:11:822,35.240093,126.868461,61
1:18:13:871,35.239913,126.868537,61
1:18:15:921,35.23962,126.868614,61
1:18:17:971,35.239467,126.868698,61
1:18:20:20,35.239315,126.868782,60
1:18:22:69,35.239181,126.868888,60
1:18:24:118,35.239048,126.868972,60
1:18:26:167,35.238918,126.868988,59
1:18:28:216,35.238796,126.868972,57
1:18:30:265,35.238685,126.868927,57
1:18:32:314,35.238578,126.868881,56
1:18:34:363,35.238471,126.86882,56
1:18:36:411,35.238368,126.868759,56
1:18:38:461,35.238246,126.86869,55
1:18:40:510,35.238121,126.868637,54
1:18:42:561,35.237995,126.868576,53
1:18:44:610,35.237892,126.868507,53
1:18:46:660,35.237834,126.8684,52
1:18:48:709,35.237842,126.868278,51
1:18:50:759,35.237892,126.868148,50
1:18:52:809,35.237949,126.867988,50
1:18:54:859,35.238037,126.867736,49
1:18:56:909,35.238094,126.867576,48
1:18:58:959,35.23814,126.867446,46
1:19:1:8,35.238193,126.867378,46
1:19:3:57,35.238254,126.86734,45
1:19:5:106,35.238315,126.867347,45
1:19:7:155,35.238388,126.867401,45
1:19:9:204,35.238471,126.867469,43
1:19:11:253,35.238563,126.86753,43
1:19:13:302,35.238655,126.867584,42
1:19:15:351,35.2387,126.867614,41
1:19:17:400,35.238712,126.86766,40
1:19:19:449,35.238708,126.867729,39
1:19:21:499,35.238697,126.867828,39
1:19:23:548,35.2387,126.867935,38
1:19:25:598,35.238697,126.868041,38
1:19:27:647,35.238708,126.868103,38
1:19:29:697,35.238708,126.868148,36
1:19:31:746,35.238697,126.868217,37
1:19:33:796,35.238681,126.868331,36
1:19:35:845,35.238662,126.868392,34
1:19:37:894,35.238655,126.868408,34
1:19:39:943,35.238655,126.8684,33
1:19:41:991,35.238655,126.8684,33
1:19:44:40,35.238666,126.868385,32
1:19:46:91,35.238674,126.86837,32
1:19:48:139,35.238677,126.868362,31
1:19:50:189,35.238674,126.868354,30
1:19:52:237,35.23867,126.868362,29
1:19:54:286,35.23867,126.868362,28
1:19:56:335,35.23867,126.868362,28
1:19:58:385,35.238666,126.868362,27
1:20:0:434,35.238674,126.86837,26
1:20:2:484,35.238677,126.86837,27
1:20:4:533,35.238681,126.86837,27
1:20:6:582,35.238681,126.868377,27
1:20:8:632,35.238681,126.868377,27
1:20:10:681,35.238681,126.868377,27
1:20:12:731,35.238689,126.86837,26
1:20:14:781,35.238693,126.86837,26
1:20:16:830,35.238693,126.86837,26
1:20:18:878,35.238693,126.86837,26
1:20:20:927,35.238693,126.86837,26
1:20:22:976,35.238693,126.86837,25
1:20:25:25,35.238693,126.86837,26
1:20:27:74,35.238693,126.86837,25
1:20:31:171,35.238693,126.86837,25
1:20:33:220,35.238693,126.86837,26
1:20:35:269,35.238693,126.86837,27
1:20:37:320,35.238693,126.86837,26
1:20:39:369,35.238693,126.86837,27
1:20:41:419,35.238693,126.86837,26
1:20:43:468,35.238693,126.86837,26
1:20:45:517,35.238693,126.86837,26
1:20:47:567,35.238693,126.86837,26
1:20:49:616,35.238693,126.86837,26
1:20:51:666,35.238693,126.86837,26
1:20:53:716,35.238693,126.86837,26
1:20:55:766,35.238693,126.86837,26
1:20:57:815,35.238693,126.86837,26
1:20:59:863,35.238693,126.86837,26
1:21:1:912,35.238693,126.86837,27
1:21:3:961,35.238693,126.86837,26
1:21:6:10,35.238693,126.86837,27
1:21:8:59,35.238693,126.86837,28
1:21:10:109,35.238693,126.86837,27
1:21:12:157,35.238693,126.86837,28
1:21:14:206,35.238746,126.868423,28
1:21:16:256,35.238746,126.868423,27
1:21:18:305,35.238746,126.868423,27
1:21:20:355,35.238746,126.868423,27
1:21:22:404,35.238746,126.868423,28
1:21:24:453,35.238746,126.868423,27
1:21:26:503,35.238746,126.868423,27
1:21:28:552,35.238746,126.868423,27
1:21:30:602,35.238746,126.868423,27
1:21:32:651,35.238746,126.868423,27
1:21:34:701,35.238746,126.868423,27
1:21:36:749,35.238746,126.868423,27
1:21:38:798,35.238746,126.868423,27
1:21:40:847,35.238746,126.868423,27
1:21:42:896,35.238746,126.868423,28
1:21:44:945,35.238746,126.868423,28
1:21:46:994,35.238746,126.868423,28
1:21:49:43,35.238746,126.868423,28
1:21:51:92,35.238746,126.868423,28
1:21:53:141,35.238746,126.868423,28
1:21:55:191,35.238746,126.868423,28
1:21:57:240,35.238746,126.868423,28
1:21:59:289,35.238746,126.868423,28
1:22:1:338,35.238746,126.868423,27
1:22:3:388,35.238746,126.868423,27
1:22:5:437,35.238746,126.868423,27
1:22:7:488,35.238746,126.868423,27
1:22:9:537,35.238746,126.868423,27
1:22:11:586,35.238746,126.868423,27
1:22:13:636,35.238746,126.868423,28
1:22:15:685,35.238746,126.868423,28
1:22:17:733,35.238746,126.868423,28
1:22:19:782,35.238746,126.868423,28
1:22:21:831,35.238746,126.868423,28
1:22:23:880,35.238746,126.868423,28
1:22:25:929,35.238746,126.868423,28
1:22:27:978,35.238746,126.868423,28
1:22:30:27,35.238746,126.868423,28
1:22:32:76,35.238746,126.868423,28
1:22:34:126,35.238746,126.868423,28
1:22:36:175,35.238746,126.868423,29
1:22:38:224,35.238746,126.868423,29
1:22:40:273,35.238746,126.868423,29
1:22:42:323,35.238746,126.868423,28
1:22:44:372,35.238746,126.868423,28
1:22:46:422,35.238746,126.868423,28
1:22:48:471,35.238746,126.868423,29
1:22:50:520,35.238746,126.868423,29
1:22:52:570,35.238746,126.868423,29
1:22:54:619,35.238746,126.868423,29
1:22:56:668,35.238746,126.868423,29
1:22:58:716,35.238746,126.868423,28
1:23:0:765,35.238746,126.868423,29
1:23:2:814,35.238746,126.868423,29
1:23:4:863,35.238746,126.868423,29
1:23:6:912,35.238746,126.868423,29
1:23:8:961,35.238746,126.868423,28
1:23:11:10,35.238746,126.868423,28
1:23:13:60,35.238746,126.868423,28
1:23:15:109,35.238746,126.868423,28
1:23:17:158,35.238746,126.868423,28
1:23:19:207,35.238746,126.868423,28
1:23:21:257,35.238746,126.868423,28
1:23:23:307,35.238746,126.868423,28
1:23:25:357,35.238746,126.868423,28
1:23:27:406,35.238746,126.868423,28
1:23:29:455,35.238746,126.868423,28
1:23:31:504,35.238746,126.868423,28
1:23:33:554,35.238746,126.868423,28
1:23:35:603,35.238746,126.868423,28
1:23:37:651,35.238746,126.868423,28
1:23:39:700,35.238746,126.868423,28
1:23:41:749,35.238746,126.868423,28
1:23:43:798,35.238746,126.868423,28
1:23:45:847,35.238746,126.868423,28
1:23:47:896,35.238746,126.868423,28
1:23:49:945,35.238746,126.868423,29
1:23:51:995,35.238746,126.868423,28
1:23:54:44,35.238746,126.868423,28
1:23:56:93,35.238746,126.868423,28
1:23:58:142,35.238746,126.868423,29
1:24:0:191,35.238746,126.868423,29
1:24:2:241,35.238746,126.868423,29
1:24:4:290,35.238746,126.868423,28
1:24:6:340,35.238746,126.868423,28
1:24:8:389,35.238761,126.868438,28
1:24:10:439,35.238765,126.868438,28
1:24:12:489,35.238761,126.868438,28
1:24:14:537,35.238761,126.868438,28
1:24:16:586,35.238761,126.868438,29
1:24:18:635,35.238761,126.868438,28
1:24:20:684,35.238761,126.868438,28
1:24:22:733,35.238761,126.868438,28
1:24:24:782,35.238761,126.868438,28
1:24:26:831,35.238761,126.868438,28
1:24:28:880,35.238761,126.868438,28
1:24:30:930,35.238761,126.868438,27
1:24:32:979,35.238761,126.868438,27
1:24:35:28,35.238761,126.868438,27
1:24:37:79,35.238761,126.868438,28
